Date,SessionTime,DriverAhead,DistanceToDriverAhead,Time,RPM,Speed,nGear,Throttle,Brake,DRS,Source,Distance,RelativeDistance,Status,X,Y,Z,Driver,LapNumber,Time_seconds,SessionTime_seconds
2025-12-07 14:00:12.639,0 days 01:55:05.576000,,259.68972222222226,0 days 00:00:00,11528.090324414392,222.20300617287515,5,100.0,False,0,interpolation,0.010306023846832248,1.9701596425133457e-06,OnTrack,600.0507797512902,2083.847521355962,-239.04229170980543,1,39.0,0.0,6905.576
2025-12-07 14:00:14.154,0 days 01:55:07.091000,81,249.68361566221975,0 days 00:00:01.515000,11468.263002630203,254.94736543519622,6,100.0,False,0,pos,102.34322846769145,0.01956452861047286,OnTrack,1551.0,2193.0,-239.0,1,39.0,1.515,6907.091
2025-12-07 14:00:15.415,0 days 01:55:08.352000,81,211.5402799822222,0 days 00:00:02.776000,10894.053549714286,274.4642852571429,7,100.0,False,0,pos,196.00456647271784,0.037469376391124895,OnTrack,2476.0,2298.0,-240.0,1,39.0,2.776,6908.352
2025-12-07 14:00:16.435,0 days 01:55:09.372000,81,178.0527796326816,0 days 00:00:03.796000,11271.189152219431,284.0497506228062,7,99.50249377193832,False,0,pos,275.39232136464517,0.05264560275371849,OnTrack,3263.0,2387.0,-239.0,1,39.0,3.796,6909.372
2025-12-07 14:00:17.670,0 days 01:55:10.607000,81,167.80388888888882,0 days 00:00:05.031000,10578.0,187.0,6,0.0,True,0,car,353.7708333333334,0.06762889635131865,OnTrack,4110.438714025867,2510.9853895642436,-234.35288166340104,1,39.0,5.031,6910.607
2025-12-07 14:00:18.915,0 days 01:55:11.852000,81,191.77360967111105,0 days 00:00:06.276000,9915.215787636364,157.98863534545455,4,65.82954298181818,False,0,pos,410.0135978686031,0.07838059133258206,OnTrack,4389.0,2915.0,-231.0,1,39.0,6.276,6911.852
2025-12-07 14:00:20.310,0 days 01:55:13.247000,81,218.36916666666644,0 days 00:00:07.671000,10473.0,196.0,5,100.0,False,0,car,479.88583333333344,0.09173777548921598,OnTrack,4343.321049302202,3599.187580487938,-228.99975405861005,1,39.0,7.671,6913.247
2025-12-07 14:00:21.415,0 days 01:55:14.352000,81,232.01749935999996,0 days 00:00:08.776000,11061.4108544,228.6249984,5,100.0,False,0,pos,546.4776929490434,0.10446786386128097,OnTrack,4202.0,4222.0,-219.0,1,39.0,8.776,6914.352
2025-12-07 14:00:22.830,0 days 01:55:15.767000,81,242.2683333333332,0 days 00:00:10.191000,11108.0,247.0,6,90.0,False,0,car,641.7205555555556,0.12267504511115421,OnTrack,3824.9977451139503,5095.296766897647,-183.0980624037877,1,39.0,10.191,6915.767
2025-12-07 14:00:24.110,0 days 01:55:17.047000,81,249.14638888888908,0 days 00:00:11.471000,10548.0,260.0,6,100.0,False,0,car,732.1527777777776,0.13996259628053948,OnTrack,3028.2347286549607,5442.923950362424,-147.67949826353905,1,39.0,11.471,6917.047
2025-12-07 14:00:25.470,0 days 01:55:18.407000,81,257.7336111111114,0 days 00:00:12.831000,10541.0,261.0,7,100.0,False,0,car,831.0755555555553,0.1588732515826805,OnTrack,2231.0672842122367,6089.793110951698,-131.00599259810267,1,39.0,12.831,6918.407
2025-12-07 14:00:26.750,0 days 01:55:19.687000,81,266.66722222222256,0 days 00:00:14.111000,10777.0,270.0,7,100.0,False,0,car,925.876111111111,0.17699587883633322,OnTrack,2206.5513767212497,7100.543657770162,-139.1893467798792,1,39.0,14.111,6919.687
2025-12-07 14:00:29.030,0 days 01:55:21.967000,81,249.9450000000004,0 days 00:00:16.391000,11313.0,289.0,7,100.0,False,0,car,1105.3094444444441,0.21129740162619462,OnTrack,2419.6408101066118,8856.20095066437,-199.38383137631666,1,39.0,16.391,6921.967
2025-12-07 14:00:30.390,0 days 01:55:23.327000,81,188.66916666666657,0 days 00:00:17.751000,11514.0,290.0,7,100.0,False,0,car,1214.7983333333334,0.23222793636960262,OnTrack,2380.8444743296627,9877.220093852453,-211.00620121061883,1,39.0,17.751,6923.327
2025-12-07 14:00:32.029,0 days 01:55:24.966000,81,107.18027777777797,0 days 00:00:19.390000,9633.0,236.0,7,0.0,True,0,car,1339.8408333333334,0.25613179015067966,OnTrack,2251.911556366523,11206.2553276929,-207.1391191145729,1,39.0,19.39,6924.966
2025-12-07 14:00:33.430,0 days 01:55:26.367000,81,92.35555555555584,0 days 00:00:20.791000,8145.0,122.0,3,0.0,True,0,car,1399.3819444444443,0.2675140163054898,OnTrack,2001.8375414599695,11703.69583072282,-201.71652282042857,1,39.0,20.791,6926.367
2025-12-07 14:00:34.830,0 days 01:55:27.767000,81,120.1555555555558,0 days 00:00:22.191000,6848.0,93.0,3,10.0,False,0,car,1438.6374999999998,0.27501833731710545,OnTrack,1653.6429947533145,11724.095401877024,-205.51085658374245,1,39.0,22.191,6927.767
2025-12-07 14:00:36.015,0 days 01:55:28.952000,81,157.36944232888894,0 days 00:00:23.376000,8663.5779744,113.4531232,3,60.562495999999996,False,0,pos,1472.572476234805,0.2815055453462244,OnTrack,1432.0,11479.0,-212.0,1,39.0,23.376,6928.952
2025-12-07 14:00:37.275,0 days 01:55:30.212000,81,193.50666537504404,0 days 00:00:24.636000,10434.564958061377,164.24376451967015,4,100.0,False,0,pos,1522.8955244703602,0.29112559282480804,OnTrack,1285.0,11088.0,-222.0,1,39.0,24.636,6930.212
2025-12-07 14:00:38.575,0 days 01:55:31.512000,81,219.74555517119848,0 days 00:00:25.936000,11124.222187762653,212.8458770246017,5,100.0,False,0,pos,1594.1582475802043,0.3047485907115992,OnTrack,1077.0,10423.0,-229.0,1,39.0,25.936,6931.512
2025-12-07 14:00:39.790,0 days 01:55:32.727000,81,236.88722222222214,0 days 00:00:27.151000,11056.0,245.0,6,100.0,False,0,car,1673.005,0.31982139588548475,OnTrack,830.7213970688672,9649.92144842511,-217.05181904960247,1,39.0,27.151,6932.727
2025-12-07 14:00:41.795,0 days 01:55:34.732000,81,253.96638844444394,0 days 00:00:29.156000,11024.82496384,278.0,7,100.0,False,0,pos,1821.5801581598823,0.348223889886758,OnTrack,358.0,8295.0,-213.0,1,39.0,29.156,6934.732
2025-12-07 14:00:43.275,0 days 01:55:36.212000,81,261.6302775111101,0 days 00:00:30.636000,11327.017944685715,291.89285668571426,7,100.0,False,0,pos,1939.3713930969632,0.37074154953550514,OnTrack,-67.0,7080.0,-214.0,1,39.0,30.636,6936.212
2025-12-07 14:00:44.671,0 days 01:55:37.608000,81,265.43305555555435,0 days 00:00:32.032000,10711.0,301.0,8,100.0,False,0,car,2054.655277777778,0.3927798894817214,OnTrack,-408.11689335612635,6105.233866916136,-213.0002740500436,1,39.0,32.032,6937.608
2025-12-07 14:00:46.150,0 days 01:55:39.087000,81,265.48805555555373,0 days 00:00:33.511000,10927.0,307.0,8,100.0,False,0,car,2179.7933333333344,0.41670201022025677,OnTrack,-846.7203423901408,4851.095449318968,-213.0125615343215,1,39.0,33.511,6939.087
2025-12-07 14:00:47.510,0 days 01:55:40.447000,81,249.23249999999962,0 days 00:00:34.871000,10931.0,307.0,8,100.0,False,0,car,2296.0711111111113,0.43893034856912655,OnTrack,-1209.1238745823505,3816.9489983757767,-217.42471457775133,1,39.0,34.871,6940.447
2025-12-07 14:00:48.875,0 days 01:55:41.812000,81,184.27833715555516,0 days 00:00:36.236000,10916.017869714286,306.9821430857143,8,100.0,False,0,pos,2412.474524617446,0.4611827041768093,OnTrack,-1601.0,2737.0,-234.0,1,39.0,36.236,6941.812
2025-12-07 14:00:50.190,0 days 01:55:43.127000,81,103.12083333333294,0 days 00:00:37.551000,9431.0,274.0,8,0.0,True,0,car,2521.9744444444436,0.48211534765869907,OnTrack,-1991.959481177287,1678.605459103867,-237.37667644010213,1,39.0,37.551,6943.127
2025-12-07 14:00:51.415,0 days 01:55:44.352000,81,62.14889005522951,0 days 00:00:38.776000,9460.845099690016,140.12971163053749,8,0.0,True,0,pos,2584.604989259041,0.4940881679836072,OnTrack,-2187.0,996.0,-234.0,1,39.0,38.776,6944.352
2025-12-07 14:00:52.914,0 days 01:55:45.851000,81,62.25999857777731,0 days 00:00:40.275000,5555.155808711111,71.47778275555555,2,0.0,True,0,pos,2621.599652071503,0.5011602835487099,OnTrack,-2158.0,658.0,-230.0,1,39.0,40.275,6945.851
2025-12-07 14:00:54.095,0 days 01:55:47.032000,81,74.40638803555466,0 days 00:00:41.456000,6510.85932,65.8281232,2,29.4374976,False,0,pos,2642.250984732302,0.5051081127772371,OnTrack,-1992.0,570.0,-228.0,1,39.0,41.456,6947.032
2025-12-07 14:00:55.390,0 days 01:55:48.327000,81,95.25999999999885,0 days 00:00:42.751000,7278.0,100.0,3,26.0,False,0,car,2674.1366666666654,0.511203565752577,OnTrack,-1662.2451640613194,603.1304770484539,-222.00807701581587,1,39.0,42.751,6948.327
2025-12-07 14:00:56.915,0 days 01:55:49.852000,81,137.87222203429792,0 days 00:00:44.276000,8977.537380970616,116.7036008782007,3,62.80332388756989,False,0,pos,2718.384378373604,0.5196622164576565,OnTrack,-1431.0,291.0,-211.0,1,39.0,44.276,6949.852
2025-12-07 14:00:58.430,0 days 01:55:51.367000,81,175.19527777777603,0 days 00:00:45.791000,11053.0,181.0,4,100.0,False,0,car,2784.405277777777,0.5322831567447793,OnTrack,-1257.5981467424158,-375.9306183248072,-207.98363758226245,1,39.0,45.791,6951.367
2025-12-07 14:01:00.670,0 days 01:55:53.607000,81,204.8072222222204,0 days 00:00:48.031000,11113.0,247.0,6,100.0,False,0,car,2926.436666666666,0.5594347056367424,OnTrack,-560.2184842539571,-1594.3475271456464,-223.94796435787035,1,39.0,48.031,6953.607
2025-12-07 14:01:01.950,0 days 01:55:54.887000,81,215.77388888888663,0 days 00:00:49.311000,10690.0,268.0,7,100.0,False,0,car,3019.0811111111107,0.5771451581119337,OnTrack,52.4692625636209,-2170.691218444099,-228.052709707124,1,39.0,49.311,6954.887
2025-12-07 14:01:03.110,0 days 01:55:56.047000,81,222.71999999999844,0 days 00:00:50.471000,11261.0,282.0,7,100.0,False,0,car,3108.079444444443,0.5941585987162045,OnTrack,715.6912530866314,-2730.0478880617,-228.00516784266298,1,39.0,50.471,6956.047
2025-12-07 14:01:04.475,0 days 01:55:57.412000,81,225.2230555509987,0 days 00:00:51.836000,10587.43775463351,293.8718860918175,7,100.0,False,0,pos,3218.1242363774027,0.6151954031285803,OnTrack,1555.0,-3438.0,-228.0,1,39.0,51.836,6957.412
2025-12-07 14:01:05.750,0 days 01:55:58.687000,81,223.297777777776,0 days 00:00:53.111000,10665.0,301.0,8,100.0,False,0,car,3323.9333333333316,0.6354224873786739,OnTrack,2410.2676207132804,-4106.220736822373,-228.3338468526301,1,39.0,53.111,6958.687
2025-12-07 14:01:07.235,0 days 01:56:00.172000,81,186.90333539555417,0 days 00:00:54.596000,10708.00000512,301.18750016,8,100.0,False,0,pos,3448.620270899753,0.6592583697706448,OnTrack,3459.0,-4703.0,-231.0,1,39.0,54.596,6960.172
2025-12-07 14:01:08.455,0 days 01:56:01.392000,81,142.05333518222122,0 days 00:00:55.816000,9835.271104,285.6666752,8,0.8958336,True,0,pos,3549.669568095649,0.6785755429305806,OnTrack,4437.0,-5114.0,-230.0,1,39.0,55.816,6961.392
2025-12-07 14:01:09.715,0 days 01:56:02.652000,81,121.59555587555434,0 days 00:00:57.076000,9811.10938,193.3593768,6,0.5156248,True,0,pos,3625.7768418818346,0.6931246533871164,OnTrack,5171.0,-5345.0,-231.0,1,39.0,57.076,6962.652
2025-12-07 14:01:10.975,0 days 01:56:03.912000,81,124.56861052444309,0 days 00:00:58.336000,9915.642898285714,166.3750016,4,28.66070857142857,False,0,pos,3687.75792179704,0.7049733182129663,OnTrack,5721.0,-5015.0,-235.0,1,39.0,58.336,6963.912
2025-12-07 14:01:12.235,0 days 01:56:05.172000,81,140.07527881107347,0 days 00:00:59.596000,10287.010916473177,180.418995635842,4,77.84916302986835,False,0,pos,3748.4737954147863,0.7165801188219508,OnTrack,5730.0,-4400.0,-225.0,1,39.0,59.596,6965.172
2025-12-07 14:01:13.635,0 days 01:56:06.572000,81,158.90027697777762,0 days 00:01:00.996000,11068.312432,213.4166656,5,100.0,False,0,pos,3825.781791653215,0.7313587663873102,OnTrack,5262.0,-3863.0,-223.0,1,39.0,60.996,6966.572
2025-12-07 14:01:14.855,0 days 01:56:07.792000,81,171.75722168888845,0 days 00:01:02.216000,10801.9374272,240.031248,6,100.0,False,0,pos,3903.3260819378165,0.7461825853010435,OnTrack,4399.0,-3718.0,-225.0,1,39.0,62.216,6967.792
2025-12-07 14:01:16.150,0 days 01:56:09.087000,81,179.27194444444376,0 days 00:01:03.511000,11085.0,263.0,6,100.0,False,0,car,3994.876388888887,0.763683876069951,OnTrack,3432.116502923141,-3634.8866387630706,-230.71188490860249,1,39.0,63.511,6969.087
2025-12-07 14:01:18.195,0 days 01:56:11.132000,81,136.11583591111116,0 days 00:01:05.556000,10834.8125792,273.6458336,7,82.6250048,False,0,pos,4149.291334500535,0.7932027379090362,OnTrack,2017.0,-3023.0,-232.0,1,39.0,65.556,6971.132
2025-12-07 14:01:19.334,0 days 01:56:12.271000,81,90.29027777777725,0 days 00:01:06.695000,8990.342857142858,232.14285714285714,7,0.0,True,0,pos,4231.225143597465,0.8088656828467946,OnTrack,1639.0,-2341.0,-233.0,1,39.0,66.695,6972.271
2025-12-07 14:01:20.655,0 days 01:56:13.592000,81,67.0038890844438,0 days 00:01:08.016000,9166.571642514285,130.42857508571427,4,0.0,True,0,pos,4292.212491585758,0.8205243800801979,OnTrack,1576.0,-1778.0,-232.0,1,39.0,68.016,6973.592
2025-12-07 14:01:21.830,0 days 01:56:14.767000,81,73.47972222222052,0 days 00:01:09.191000,6786.0,98.0,3,0.0,False,0,car,4327.326944444444,0.8272370637416454,OnTrack,1715.1723157539157,-1436.7576630115348,-233.71482201527263,1,39.0,69.191,6974.767
2025-12-07 14:01:23.375,0 days 01:56:16.312000,81,81.4613888533313,0 days 00:01:10.736000,9408.4998272,124.87499702857143,3,76.87500068571428,False,0,pos,4372.870545128325,0.8359434441435988,OnTrack,2160.0,-1416.0,-233.0,1,39.0,70.736,6976.312
2025-12-07 14:01:24.711,0 days 01:56:17.648000,81,83.9491666666645,0 days 00:01:12.072000,8172.0,137.0,4,0.0,False,0,car,4424.062777777777,0.8457296499854475,OnTrack,2591.280127406502,-1250.105035072814,-231.14985553397193,1,39.0,72.072,6977.648
2025-12-07 14:01:25.750,0 days 01:56:18.687000,81,83.48527777777508,0 days 00:01:13.111000,8996.0,144.0,4,62.0,False,0,car,4463.7330555555545,0.8533132517164966,OnTrack,2767.167351657999,-863.0315530183967,-227.8794194221931,1,39.0,73.111,6978.687
2025-12-07 14:01:27.110,0 days 01:56:20.047000,81,83.4763888888865,0 days 00:01:14.471000,8755.0,146.0,4,6.0,False,0,car,4520.499166666666,0.8641649926823312,OnTrack,2712.9214750115007,-341.17839159807977,-232.227772331313,1,39.0,74.471,6980.047
2025-12-07 14:01:28.235,0 days 01:56:21.172000,81,100.22777667555292,0 days 00:01:15.596000,9262.1248704,145.49999872,4,63.3749952,False,0,pos,4564.952267625983,0.8726629067951086,OnTrack,2383.0,-53.0,-231.0,1,39.0,75.596,6981.172
2025-12-07 14:01:29.495,0 days 01:56:22.432000,81,121.51111086054632,0 days 00:01:16.856000,11547.51244543157,187.01107962523295,4,100.0,False,0,pos,4624.005236473139,0.8839518168269851,OnTrack,1808.0,-38.0,-232.0,1,39.0,76.856,6982.432
2025-12-07 14:01:31.395,0 days 01:56:24.332000,81,137.16611086221894,0 days 00:01:18.756000,11014.9141428,240.2890612,5,100.0,False,0,pos,4741.264914008252,0.9063678608617378,OnTrack,641.0,-214.0,-232.0,1,39.0,78.756,6984.332
2025-12-07 14:01:32.634,0 days 01:56:25.571000,81,137.02389194666333,0 days 00:01:19.995000,11397.1000576,253.0,6,85.0999936,False,0,pos,4827.754506011988,0.9229017158377845,OnTrack,-192.0,-157.0,-220.0,1,39.0,79.995,6985.571
2025-12-07 14:01:34.070,0 days 01:56:27.007000,81,99.68972222221964,0 days 00:01:21.431000,11597.0,260.0,6,85.0,False,0,car,4930.253055555554,0.9424959365312439,OnTrack,-870.7391080334513,690.843682428282,-220.51811335225065,1,39.0,81.431,6987.007
2025-12-07 14:01:35.695,0 days 01:56:28.632000,81,70.93555557873627,0 days 00:01:23.056000,8321.670885182017,145.06583130967647,4,0.0,True,0,pos,5016.079783618538,0.9589030745693177,OnTrack,-1120.0,1507.0,-223.0,1,39.0,83.056,6988.632
2025-12-07 14:01:37.135,0 days 01:56:30.072000,81,82.78166666666293,0 days 00:01:24.496000,7607.0,121.6,4,37.6,False,0,pos,5067.117723499412,0.9686597849054017,OnTrack,-986.0,1908.0,-222.0,1,39.0,84.496,6990.072
2025-12-07 14:01:38.470,0 days 01:56:31.407000,81,108.06888888888534,0 days 00:01:25.831000,10301.0,161.0,4,100.0,False,0,car,5119.196944444444,0.9786155526044036,OnTrack,-484.30665170941916,1998.862104565669,-222.14803593089786,1,39.0,85.831,6991.407
2025-12-07 14:01:39.830,0 days 01:56:32.767000,81,127.5594444444414,0 days 00:01:27.191000,10989.0,210.0,5,100.0,False,0,car,5191.382499999999,0.9924149645251968,OnTrack,257.8203021176734,2049.273712627583,-237.33009443131138,1,39.0,87.191,6992.767
2025-12-07 14:07:56.222,0 days 02:02:49.159000,,1466.3041666666672,0 days 00:00:00,10572.0499712,226.0708352,5,99.0,False,0,interpolation,0.09077083223391952,1.741858446339074e-05,OnTrack,540.5406539335996,2076.6212139963864,-238.99998772317656,81,44.0,0.0,7369.159
2025-12-07 14:07:57.475,0 days 02:02:50.412000,1,1444.969998664096,0 days 00:00:01.253000,11619.176124708982,252.81132163569444,6,99.0,False,0,pos,84.76522457801993,0.01626613073311421,OnTrack,1374.0,2173.0,-239.0,81,44.0,1.253,7370.412
2025-12-07 14:07:58.592,0 days 02:02:51.529000,1,1425.290833333334,0 days 00:00:02.370000,10825.0,270.0,7,99.0,False,0,car,166.47472222222223,0.03194587885428327,OnTrack,2181.914354081782,2264.454604603892,-239.0051096528449,81,44.0,2.37,7371.529
2025-12-07 14:07:59.832,0 days 02:02:52.769000,1,1411.4722222222229,0 days 00:00:03.610000,11089.0,278.0,7,99.0,False,0,car,261.46444444444444,0.05017405258544244,OnTrack,3159.399692057462,2374.8517964167854,-239.71883443692332,81,44.0,3.61,7372.769
2025-12-07 14:08:01.192,0 days 02:02:54.129000,1,1421.3894444444454,0 days 00:00:04.970000,11248.0,192.0,7,0.0,True,0,car,350.32694444444445,0.06722643520422422,OnTrack,4120.453886343886,2506.7080458761643,-233.9230080197023,81,44.0,4.97,7374.129
2025-12-07 14:08:02.671,0 days 02:02:55.608000,1,1467.5788888888899,0 days 00:00:06.449000,10042.0,162.0,4,65.0,False,0,car,419.3594444444445,0.0804735147161787,OnTrack,4398.054857415355,3015.250449532925,-229.90655746210984,81,44.0,6.449,7375.608
2025-12-07 14:08:04.071,0 days 02:02:57.008000,1,1509.7366666666674,0 days 00:00:07.849000,10969.0,207.0,5,99.0,False,0,car,491.95666666666676,0.09440465113923747,OnTrack,4309.383776162347,3777.810827445573,-227.44708496249214,81,44.0,7.849,7377.008
2025-12-07 14:08:05.112,0 days 02:02:58.049000,1,1533.0911111111118,0 days 00:00:08.890000,10704.0,230.0,6,99.0,False,0,car,556.0863888888891,0.10671090586501639,OnTrack,4176.143279677448,4318.207239143618,-216.97605486800074,81,44.0,8.89,7378.049
2025-12-07 14:08:06.395,0 days 02:02:59.332000,1,1555.8216672255753,0 days 00:00:10.173000,11287.859656844566,245.0,6,84.01754401723605,False,0,pos,642.7953172980547,0.12335002612044076,OnTrack,3835.0,5087.0,-184.0,81,44.0,10.173,7379.332
2025-12-07 14:08:07.752,0 days 02:03:00.689000,1,1576.7894444444444,0 days 00:00:11.530000,10804.0,259.0,6,95.0,False,0,car,737.7766666666668,0.14157659313219217,OnTrack,2966.9443850313864,5464.379961447648,-145.61111616474366,81,44.0,11.53,7380.689
2025-12-07 14:08:08.751,0 days 02:03:01.688000,1,1588.9663888888886,0 days 00:00:12.529000,10543.0,263.0,7,86.0,False,0,car,810.6925000000001,0.15556886984022225,OnTrack,2376.778804638778,5843.19659110703,-131.93689805429662,81,44.0,12.529,7381.688
2025-12-07 14:08:10.055,0 days 02:03:02.992000,1,1601.0533332880489,0 days 00:00:13.833000,10727.05473052489,267.31840806158266,7,99.0,False,0,pos,906.4341812700516,0.17394134171061046,OnTrack,2169.0,6846.0,-135.0,81,44.0,13.833,7382.992
2025-12-07 14:08:11.431,0 days 02:03:04.368000,1,1565.5141666666673,0 days 00:00:15.209000,11185.0,279.0,7,99.0,False,0,car,1011.057777777778,0.19401822001813943,OnTrack,2328.6160654440114,7788.808621650324,-164.90988565911496,81,44.0,15.209,7384.368
2025-12-07 14:08:12.712,0 days 02:03:05.649000,1,1495.229722222223,0 days 00:00:16.490000,11674.0,288.0,7,99.0,False,0,car,1112.2919444444444,0.21344467936931139,OnTrack,2419.4404451767773,8775.738321270306,-197.25310996305097,81,44.0,16.49,7385.649
2025-12-07 14:08:14.214,0 days 02:03:07.151000,1,1399.8338819747612,0 days 00:00:17.992000,11763.429356752018,294.72853216239906,7,98.0,False,0,pos,1234.3364056449252,0.23686455669544632,OnTrack,2366.0,10087.0,-211.0,81,44.0,17.992,7387.151
2025-12-07 14:08:16.395,0 days 02:03:09.332000,1,1324.6847222222232,0 days 00:00:20.173000,10314.0,148.9,7,0.0,True,0,pos,1366.2939004601837,0.2621867082329983,OnTrack,2170.0,11476.0,-202.0,81,44.0,20.173,7389.332
2025-12-07 14:08:17.911,0 days 02:03:10.848000,1,1330.4602777777789,0 days 00:00:21.689000,7192.0,101.0,3,0.0,False,0,car,1415.0247222222222,0.27153797134189045,OnTrack,1810.543991828369,11774.15338404006,-204.8367089805009,81,44.0,21.689,7390.848
2025-12-07 14:08:19.032,0 days 02:03:11.969000,1,1356.216944444446,0 days 00:00:22.810000,8005.0,103.0,3,57.0,False,0,car,1445.8963888888886,0.27746212913713014,OnTrack,1541.6080419928526,11634.632991747325,-206.99543967322427,81,44.0,22.81,7391.969
2025-12-07 14:08:20.215,0 days 02:03:13.152000,1,1386.240834791113,0 days 00:00:23.993000,11485.6751744,146.5437536,3,97.1812512,False,0,pos,1488.976385731198,0.2857290200007787,OnTrack,1357.0,11306.0,-217.0,81,44.0,23.993,7393.152
2025-12-07 14:08:21.512,0 days 02:03:14.449000,1,1409.8038888888907,0 days 00:00:25.290000,10970.0,206.0,5,99.0,False,0,car,1556.2102777777775,0.29863095334868295,OnTrack,1132.6814343869164,10599.085776339834,-229.18151293961182,81,44.0,25.29,7394.449
2025-12-07 14:08:22.795,0 days 02:03:15.732000,1,1425.2361111111127,0 days 00:00:26.573000,11032.611111111111,239.0,6,99.0,False,0,pos,1637.2194380313724,0.3141763093342845,OnTrack,903.0,9870.0,-220.0,81,44.0,26.573,7395.732
2025-12-07 14:08:24.175,0 days 02:03:17.112000,1,1437.1194446619165,0 days 00:00:27.953000,10615.044349703154,265.0581722873214,7,99.0,False,0,pos,1735.063364857379,0.3329521942931945,OnTrack,606.0,9007.0,-214.0,81,44.0,27.953,7397.112
2025-12-07 14:08:25.515,0 days 02:03:18.452000,1,1444.0622224177796,0 days 00:00:29.293000,11322.588664436364,282.76136436363635,7,99.0,False,0,pos,1837.8633838348007,0.3526791348679142,OnTrack,269.0,8042.0,-213.0,81,44.0,29.293,7398.452
2025-12-07 14:08:26.875,0 days 02:03:19.812000,1,1447.2236112000019,0 days 00:00:30.653000,10532.4498176,293.72250048,7,99.0,False,0,pos,1947.4886121833613,0.37371580768795604,OnTrack,-90.0,7013.0,-213.0,81,44.0,30.653,7399.812
2025-12-07 14:08:28.152,0 days 02:03:21.089000,1,1446.65277777778,0 days 00:00:31.930000,10676.0,302.0,8,99.0,False,0,car,2053.8341666666665,0.3941231233144108,OnTrack,-464.1373370267178,5942.945889031284,-213.00612361468168,81,44.0,31.93,7401.089
2025-12-07 14:08:29.512,0 days 02:03:22.449000,1,1423.5044444444466,0 days 00:00:33.290000,10824.0,307.0,8,99.0,False,0,car,2168.946111111111,0.41621267650792454,OnTrack,-816.9452647892025,4935.083429215741,-213.6461705845612,81,44.0,33.29,7402.449
2025-12-07 14:08:31.232,0 days 02:03:24.169000,1,1361.3230555555579,0 days 00:00:35.010000,10877.0,309.0,8,99.0,False,0,car,2316.2683333333334,0.4444832619807903,OnTrack,-1316.8925935341322,3517.5351479563456,-222.5770765983615,81,44.0,35.01,7404.169
2025-12-07 14:08:32.655,0 days 02:03:25.592000,1,1309.4324988182454,0 days 00:00:36.433000,10738.11220973362,304.4413964195745,8,99.0,False,0,pos,2437.195132345217,0.4676886640977143,OnTrack,-1738.0,2361.0,-235.0,81,44.0,36.433,7405.592
2025-12-07 14:08:33.952,0 days 02:03:26.889000,1,1281.9705555555574,0 days 00:00:37.730000,8123.0,223.0,8,0.0,True,0,car,2536.0566666666678,0.48665982414305636,OnTrack,-2077.0536104606613,1428.225564438356,-234.59522054986593,81,44.0,37.73,7406.889
2025-12-07 14:08:35.032,0 days 02:03:27.969000,1,1302.6927777777792,0 days 00:00:38.810000,9825.0,122.0,7,0.0,True,0,car,2583.3233333333346,0.49573012134507544,OnTrack,-2191.5260581813136,944.4446265866676,-233.92347481412355,81,44.0,38.81,7407.969
2025-12-07 14:08:36.755,0 days 02:03:29.692000,1,1388.9086111111121,0 days 00:00:40.533000,5651.64,67.96,2,0.24,False,0,pos,2620.9942605931888,0.5029590319118424,OnTrack,-2102.0,589.0,-230.0,81,44.0,40.533,7409.692
2025-12-07 14:08:37.975,0 days 02:03:30.912000,1,1456.288611111112,0 days 00:00:41.753000,7882.0,84.6,2,59.8,False,0,pos,2645.310580620784,0.5076252431144453,OnTrack,-1869.0,592.0,-226.0,81,44.0,41.753,7410.912
2025-12-07 14:08:39.152,0 days 02:03:32.089000,1,1512.7888888888892,0 days 00:00:42.930000,7102.0,96.0,3,21.0,False,0,car,2676.9672222222234,0.5137000346745904,OnTrack,-1573.654955685179,561.5967714104268,-217.27222517731795,81,44.0,42.93,7412.089
2025-12-07 14:08:40.392,0 days 02:03:33.329000,1,1546.455555555557,0 days 00:00:44.170000,9448.0,124.0,3,77.0,False,0,car,2714.2894444444455,0.5208620300440266,OnTrack,-1416.6816495825158,236.82747878839936,-209.62981007497586,81,44.0,44.17,7413.329
2025-12-07 14:08:41.755,0 days 02:03:34.692000,1,1532.5166651022237,0 days 00:00:45.533000,11369.76518272,184.50500224,4,99.0,False,0,pos,2774.9808132856156,0.5325084775684296,OnTrack,-1273.0,-325.0,-208.0,81,44.0,45.533,7414.692
2025-12-07 14:08:43.075,0 days 02:03:36.012000,1,1491.31277777778,0 days 00:00:46.853000,10498.14,228.06,5,99.0,False,0,pos,2852.802156938212,0.5474421034271639,OnTrack,-959.0,-1050.0,-217.0,81,44.0,46.853,7416.012
2025-12-07 14:08:44.592,0 days 02:03:37.529000,1,1444.1000000000026,0 days 00:00:48.370000,11193.0,257.0,6,99.0,False,0,car,2957.0141666666673,0.5674399997654598,OnTrack,-291.1957697310903,-1868.5638573055246,-227.718200091548,81,44.0,48.37,7417.529
2025-12-07 14:08:46.115,0 days 02:03:39.052000,1,1389.2413866666689,0 days 00:00:49.893000,11190.3417024,277.6916672,7,99.0,False,0,pos,3071.697655192468,0.589447333864755,OnTrack,552.0,-2591.0,-228.0,81,44.0,49.893,7419.052
2025-12-07 14:08:47.174,0 days 02:03:40.111000,1,1351.2777727288899,0 days 00:00:50.952000,11561.892909714286,288.72857234285715,7,99.0,False,0,pos,3155.544983194425,0.6055373236653105,OnTrack,1264.0,-3193.0,-229.0,81,44.0,50.952,7420.111
2025-12-07 14:08:48.415,0 days 02:03:41.352000,1,1300.0036068610848,0 days 00:00:52.193000,10543.31195769369,295.39554346151874,8,99.0,False,0,pos,3256.507213487919,0.624911599439796,OnTrack,2045.0,-3840.0,-228.0,81,44.0,52.193,7421.352
2025-12-07 14:08:49.935,0 days 02:03:42.872000,1,1245.7297218448987,0 days 00:00:53.713000,10503.528344602753,298.7641723013765,8,99.0,False,0,pos,3382.4948683559082,0.6490881609370753,OnTrack,2996.0,-4474.0,-230.0,81,44.0,53.713,7422.872
2025-12-07 14:08:51.335,0 days 02:03:44.272000,1,1215.5005546121733,0 days 00:00:55.113000,10428.391970607607,296.0,8,99.0,False,0,pos,3498.148169338232,0.6712815984329338,OnTrack,4151.0,-5003.0,-231.0,81,44.0,55.113,7424.272
2025-12-07 14:08:52.775,0 days 02:03:45.712000,1,1215.6027792533334,0 days 00:00:56.553000,10833.387899586207,209.80344628965517,7,0.0,True,0,pos,3598.221374341818,0.6904852735670897,OnTrack,5024.0,-5333.0,-230.0,81,44.0,56.553,7425.712
2025-12-07 14:08:54.935,0 days 02:03:47.872000,1,1266.912778755555,0 days 00:00:58.713000,10240.3188448,163.484376,4,66.0281296,False,0,pos,3699.915243079561,0.7099999480326986,OnTrack,5796.0,-4709.0,-229.0,81,44.0,58.713,7427.872
2025-12-07 14:08:56.271,0 days 02:03:49.208000,1,1259.0594444444441,0 days 00:01:00.049000,10583.0,196.0,5,91.0,False,0,car,3767.623333333335,0.7229928782495432,OnTrack,5576.658624404061,-4129.049424268447,-221.98680528134648,81,44.0,60.049,7429.208
2025-12-07 14:08:57.511,0 days 02:03:50.448000,1,1228.1325000000002,0 days 00:01:01.289000,10399.0,226.0,5,99.0,False,0,car,3841.0625000000014,0.737085580674126,OnTrack,4788.714221668992,-3779.302494746639,-223.1316687528587,81,44.0,61.289,7430.448
2025-12-07 14:08:58.871,0 days 02:03:51.808000,1,1192.7294444444447,0 days 00:01:02.649000,11656.0,254.0,6,99.0,False,0,car,3932.8594444444457,0.754701072247081,OnTrack,3938.4978281541253,-3673.415418667349,-227.4509965858971,81,44.0,62.649,7431.808
2025-12-07 14:09:00.152,0 days 02:03:53.089000,1,1168.6400000000012,0 days 00:01:03.930000,10849.0,272.0,7,99.0,False,0,car,4026.9877777777783,0.7727639486602836,OnTrack,3025.1790381175806,-3586.8938672855966,-231.97508797778224,81,44.0,63.93,7433.089
2025-12-07 14:09:01.475,0 days 02:03:54.412000,1,1153.5030550044455,0 days 00:01:05.253000,11136.541685333334,279.0,7,98.0,False,0,pos,4128.848663213319,0.7923106730078402,OnTrack,2134.0,-3120.0,-232.0,81,44.0,65.253,7434.412
2025-12-07 14:09:02.472,0 days 02:03:55.409000,1,1149.8066666666673,0 days 00:01:06.250000,9970.0,257.0,7,0.0,True,0,car,4203.710000000001,0.8066762845789751,OnTrack,1691.6660465374882,-2532.504311697022,-232.03566216609568,81,44.0,66.25,7435.409
2025-12-07 14:09:03.735,0 days 02:03:56.672000,1,1180.7511127764294,0 days 00:01:07.513000,10176.200406263593,150.11528595644535,7,0.0,True,0,pos,4269.341743879328,0.8192707716637205,OnTrack,1574.0,-1813.0,-232.0,81,44.0,67.513,7436.672
2025-12-07 14:09:05.415,0 days 02:03:58.352000,1,1245.0222237866662,0 days 00:01:09.193000,7679.82254208,102.12749952,3,24.89500416,False,0,pos,4321.94444466866,0.8293650339300418,OnTrack,1785.0,-1414.0,-234.0,81,44.0,69.193,7438.352
2025-12-07 14:09:06.794,0 days 02:03:59.731000,1,1262.5638880569493,0 days 00:01:10.572000,9795.994365148637,135.05849206756687,3,56.96938269069501,False,0,pos,4367.745330060934,0.838154053167493,OnTrack,2238.0,-1419.0,-233.0,81,44.0,70.572,7439.731
2025-12-07 14:09:08.015,0 days 02:04:00.952000,1,1276.4288900266683,0 days 00:01:11.793000,9574.350050133333,130.52500053333333,3,25.462504533333334,False,0,pos,4413.3668177678765,0.846908646657625,OnTrack,2632.0,-1211.0,-230.0,81,44.0,71.793,7440.952
2025-12-07 14:09:09.272,0 days 02:04:02.209000,1,1300.5972222222235,0 days 00:01:13.050000,10555.0,157.0,3,77.0,False,0,car,4463.698055555557,0.8565670236381557,OnTrack,2776.6000702603706,-708.0000986458897,-225.26919142961947,81,44.0,73.05,7442.209
2025-12-07 14:09:10.475,0 days 02:04:03.412000,1,1329.1630559459977,0 days 00:01:14.253000,9112.0,149.226415003204,4,15.094339987183904,False,0,pos,4515.507243006272,0.866509013651691,OnTrack,2657.0,-256.0,-232.0,81,44.0,74.253,7443.412
2025-12-07 14:09:11.775,0 days 02:04:04.712000,1,1364.2922237688895,0 days 00:01:15.553000,10874.928704,169.964288,4,92.1857152,False,0,pos,4571.756462391214,0.8773030292483694,OnTrack,2174.0,-7.0,-231.0,81,44.0,75.553,7444.712
2025-12-07 14:09:13.192,0 days 02:04:06.129000,1,1388.765833333333,0 days 00:01:16.970000,11476.0,218.0,5,99.0,False,0,car,4650.74527777778,0.8924606885824645,OnTrack,1406.1688256710916,-96.71370603687085,-231.9998186316198,81,44.0,76.97,7446.129
2025-12-07 14:09:14.592,0 days 02:04:07.529000,1,1398.8547222222205,0 days 00:01:18.370000,11402.0,252.0,6,99.0,False,0,car,4743.7897222222255,0.9103155707568201,OnTrack,420.40529252914297,-247.2483523501052,-229.68851447983775,81,44.0,78.37,7447.529
2025-12-07 14:09:15.595,0 days 02:04:08.532000,1,1404.3875004578733,0 days 00:01:19.373000,11671.235114686371,256.0,6,80.00940458745488,False,0,pos,4814.8365605394765,0.9239491942857608,OnTrack,-186.0,-159.0,-220.0,81,44.0,79.373,7448.532
2025-12-07 14:09:16.995,0 days 02:04:09.932000,1,1415.513611521138,0 days 00:01:20.773000,11722.504167308449,258.5376041827112,6,93.83843764440108,False,0,pos,4914.645221412421,0.9431021043870262,OnTrack,-846.0,651.0,-220.0,81,44.0,80.773,7449.932
2025-12-07 14:09:18.431,0 days 02:04:11.368000,1,1445.2741666666661,0 days 00:01:22.209000,9467.0,162.0,4,0.0,True,0,car,4999.602777777781,0.9594051428734386,OnTrack,-1122.6451620851883,1510.3039079045027,-222.00569194914755,81,44.0,82.209,7451.368
2025-12-07 14:09:19.615,0 days 02:04:12.552000,1,1491.4258346935817,0 days 00:01:23.393000,7792.003165090274,129.3855792580656,4,12.592481787088293,False,0,pos,5045.338232727319,0.9681816062527446,OnTrack,-1053.0,1842.0,-221.0,81,44.0,83.393,7452.552
2025-12-07 14:09:20.792,0 days 02:04:13.729000,1,1508.8597222222206,0 days 00:01:24.570000,9410.0,147.0,4,84.0,False,0,car,5089.5655555555595,0.9766686646977754,OnTrack,-652.904733871198,1980.10587865006,-221.96631812015463,81,44.0,84.57,7453.729
2025-12-07 14:09:22.015,0 days 02:04:14.952000,1,1487.1780538133307,0 days 00:01:25.793000,10635.8917248,195.3625024,4,99.0,False,0,pos,5149.751559927623,0.9882181346637127,OnTrack,28.0,2037.0,-235.0,81,44.0,85.793,7454.952
2025-12-07 14:13:49.126,0 days 02:08:42.063000,,327.2591666666667,0 days 00:00:00,10423.635818057142,228.39285942857143,5,100.0,False,0,interpolation,0.09157963978998208,1.7564876291769175e-05,OnTrack,540.1548667826619,2076.6839673344084,-238.98496183328237,4,48.0,0.0,7722.063
2025-12-07 14:13:50.513,0 days 02:08:43.450000,81,307.3591666666667,0 days 00:00:01.387000,11733.0,257.0,6,100.0,False,0,car,95.23277777777777,0.018265544223850228,OnTrack,1468.1112058140195,2183.7488145306747,-239.6043500185482,4,48.0,1.387,7723.45
2025-12-07 14:13:52.095,0 days 02:08:45.032000,81,269.7583321422222,0 days 00:00:02.969000,10992.5718992,275.8937504,7,100.0,False,0,pos,213.56412313604446,0.04096136883533674,OnTrack,2745.0,2328.0,-240.0,4,48.0,2.969,7725.032
2025-12-07 14:13:53.355,0 days 02:08:46.292000,81,253.50555578666672,0 days 00:00:04.229000,11011.091547733333,247.6999936,7,0.0,True,0,pos,308.0945345972004,0.05909219995602058,OnTrack,3598.0,2423.0,-238.0,4,48.0,4.229,7726.292
2025-12-07 14:13:54.833,0 days 02:08:47.770000,81,278.0033333333334,0 days 00:00:05.707000,9741.0,162.0,4,2.0,False,0,car,384.9294444444444,0.07382905292302358,OnTrack,4305.030206543493,2659.2829841416333,-231.99587375019263,4,48.0,5.707,7727.77
2025-12-07 14:13:56.075,0 days 02:08:49.012000,81,310.5616696888889,0 days 00:00:06.949000,11145.23025792,178.87000448,4,92.51000704,False,0,pos,442.5908037080785,0.08488843953563366,OnTrack,4392.0,3217.0,-230.0,4,48.0,6.949,7729.012
2025-12-07 14:13:57.073,0 days 02:08:50.010000,81,330.2922222222223,0 days 00:00:07.947000,11172.0,209.0,5,100.0,False,0,car,497.67388888888894,0.09545331595564055,OnTrack,4315.5409490949905,3747.245160587836,-228.71390468950108,4,48.0,7.947,7730.01
2025-12-07 14:13:58.415,0 days 02:08:51.352000,81,345.85722318222224,0 days 00:00:09.289000,11130.496237292307,243.37307864615386,6,99.0,False,0,pos,584.1224132566116,0.1120340498349971,OnTrack,4105.0,4563.0,-207.0,4,48.0,9.289,7731.352
2025-12-07 14:13:59.535,0 days 02:08:52.472000,81,354.45722301139494,0 days 00:00:10.409000,11070.716550942709,256.067669964083,6,99.64411001197233,False,0,pos,662.5727704641896,0.12708074386607507,OnTrack,3701.0,5192.0,-178.0,4,48.0,10.409,7732.472
2025-12-07 14:14:00.753,0 days 02:08:53.690000,81,362.70166666666614,0 days 00:00:11.627000,10779.0,269.0,7,99.0,False,0,car,751.700277777778,0.14417530378951524,OnTrack,2861.2551583158747,5501.48971942357,-141.77946973241956,4,48.0,11.627,7733.69
2025-12-07 14:14:01.915,0 days 02:08:54.852000,81,369.81444522666607,0 days 00:00:12.789000,10840.562536,270.0062504,7,99.0,False,0,pos,839.0501679858595,0.16092891866639306,OnTrack,2217.0,6124.0,-130.0,4,48.0,12.789,7734.852
2025-12-07 14:14:03.455,0 days 02:08:56.392000,81,374.2388883911107,0 days 00:00:14.329000,11081.02001408,276.91000064,7,99.0,False,0,pos,956.1576502190816,0.18339000764844526,OnTrack,2229.0,7226.0,-144.0,4,48.0,14.329,7736.392
2025-12-07 14:14:04.912,0 days 02:08:57.849000,81,323.52805555555483,0 days 00:00:15.786000,11542.0,288.0,7,100.0,False,0,car,1071.0311111111114,0.2054226137430216,OnTrack,2412.670429366092,8459.15831156825,-188.175198830898,4,48.0,15.786,7737.849
2025-12-07 14:14:06.032,0 days 02:08:58.969000,81,265.69611111111,0 days 00:00:16.906000,11680.0,293.0,7,100.0,False,0,car,1161.841944444445,0.2228400337843149,OnTrack,2407.439765536336,9408.417401018292,-209.210313319175,4,48.0,16.906,7738.969
2025-12-07 14:14:07.315,0 days 02:09:00.252000,81,196.96110453333188,0 days 00:00:18.189000,11354.5748768,293.0,7,62.98748320000001,False,0,pos,1266.4899538925515,0.24291140930349372,OnTrack,2345.0,10354.0,-211.0,4,48.0,18.189,7740.252
2025-12-07 14:14:08.793,0 days 02:09:01.730000,81,158.5333333333317,0 days 00:00:19.667000,9621.0,168.0,7,0.0,True,0,car,1363.9794444444453,0.2616097886072188,OnTrack,2219.292013762037,11351.31720956838,-204.85016681919566,4,48.0,19.667,7741.73
2025-12-07 14:14:09.995,0 days 02:09:02.932000,81,182.25028158222105,0 days 00:00:20.869000,7541.77976832,109.9499968,3,0.0,True,0,pos,1406.921658560669,0.269846059031255,OnTrack,1985.0,11713.0,-202.0,4,48.0,20.869,7742.932
2025-12-07 14:14:11.435,0 days 02:09:04.372000,81,237.83972769777685,0 days 00:00:22.309000,7359.904655709091,97.20454690909091,3,38.459097018181815,False,0,pos,1446.1067874457042,0.2773617245538656,OnTrack,1621.0,11702.0,-206.0,4,48.0,22.309,7744.372
2025-12-07 14:14:12.735,0 days 02:09:05.672000,81,290.7144486981282,0 days 00:00:23.609000,10328.386324285166,133.87137536833205,3,85.79668283397386,False,0,pos,1488.648600920858,0.2855211985661267,OnTrack,1388.0,11386.0,-215.0,4,48.0,23.609,7745.672
2025-12-07 14:14:13.895,0 days 02:09:06.832000,81,327.19166990222146,0 days 00:00:24.769000,11398.166293333334,189.06667093333334,4,100.0,False,0,pos,1542.6303635592906,0.2958748425084937,OnTrack,1214.0,10861.0,-226.0,4,48.0,24.769,7746.832
2025-12-07 14:14:15.075,0 days 02:09:08.012000,81,352.8908356799994,0 days 00:00:25.949000,10458.4876272,226.562504,5,99.0,False,0,pos,1612.3397986157427,0.3092450370838782,OnTrack,1007.0,10202.0,-226.0,4,48.0,25.949,7748.012
2025-12-07 14:14:16.495,0 days 02:09:09.432000,81,374.57639055999954,0 days 00:00:27.369000,11510.5999104,255.42000128,6,99.0,False,0,pos,1708.971912448119,0.32777897245608856,OnTrack,720.0,9330.0,-214.0,4,48.0,27.369,7749.432
2025-12-07 14:14:17.635,0 days 02:09:10.572000,81,386.2186122488882,0 days 00:00:28.509000,11023.242945828571,275.1571437714286,7,99.0,False,0,pos,1794.1807074588382,0.34412192757980703,OnTrack,435.0,8518.0,-214.0,4,48.0,28.509,7750.572
2025-12-07 14:14:18.832,0 days 02:09:11.769000,81,394.74999999999955,0 days 00:00:29.706000,11534.0,289.0,7,99.0,False,0,car,1888.4919444444445,0.3622107212721043,OnTrack,124.85502174412005,7630.60594315153,-214.3562167305874,4,48.0,29.706,7751.769
2025-12-07 14:14:19.895,0 days 02:09:12.832000,81,398.9130558399992,0 days 00:00:30.769000,10486.9000576,297.1375008,8,99.0,False,0,pos,1975.170905811235,0.3788356527197299,OnTrack,-159.0,6815.0,-213.0,4,48.0,30.769,7752.832
2025-12-07 14:14:21.335,0 days 02:09:14.272000,81,399.43972183111055,0 days 00:00:32.209000,10759.46001664,305.71000064,8,99.0,False,0,pos,2096.25010298778,0.4020585123508655,OnTrack,-558.0,5676.0,-213.0,4,48.0,32.209,7754.272
2025-12-07 14:14:22.975,0 days 02:09:15.912000,81,345.86138191999976,0 days 00:00:33.849000,10854.628575085715,309.8428562285714,8,99.07857188571428,False,0,pos,2236.773719733082,0.4290107907160528,OnTrack,-1049.0,4272.0,-214.0,4,48.0,33.849,7755.912
2025-12-07 14:14:24.394,0 days 02:09:17.331000,81,259.6158333333333,0 days 00:00:35.268000,10777.0,307.0,8,99.0,False,0,car,2357.8497222222218,0.45223303760958444,OnTrack,-1428.9880403007473,3209.042665795096,-229.43659446864592,4,48.0,35.268,7757.331
2025-12-07 14:14:25.712,0 days 02:09:18.649000,81,172.11222222222204,0 days 00:00:36.586000,10748.0,302.0,8,42.0,False,0,car,2469.436666666666,0.47363529338868576,OnTrack,-1823.4167814511898,2134.2499235471714,-235.8418316126908,4,48.0,36.586,7758.649
2025-12-07 14:14:26.992,0 days 02:09:19.929000,81,117.0436111111112,0 days 00:00:37.866000,9120.0,193.0,7,0.0,True,0,car,2557.7458333333325,0.490572896457298,OnTrack,-2142.9566800995594,1205.5832735791553,-235.6454325158374,4,48.0,37.866,7759.929
2025-12-07 14:14:28.313,0 days 02:09:21.250000,81,111.18361111111153,0 days 00:00:39.187000,7555.0,92.0,2,0.0,True,0,car,2601.0338888888878,0.4988754988969696,OnTrack,-2188.492985847883,770.2345125971615,-230.47464093140667,4,48.0,39.187,7761.25
2025-12-07 14:14:29.475,0 days 02:09:22.412000,81,131.89805932444511,0 days 00:00:40.349000,5732.758221866667,65.45833066666667,2,4.0666709333333335,False,0,pos,2625.0177319453715,0.5034755741675695,OnTrack,-2074.0,575.0,-230.0,4,48.0,40.349,7762.412
2025-12-07 14:14:30.633,0 days 02:09:23.570000,81,170.26138888888954,0 days 00:00:41.507000,7826.0,85.0,2,62.0,False,0,car,2648.333888888888,0.5079475879607176,OnTrack,-1848.720506314085,596.4123262510171,-225.52875269390609,4,48.0,41.507,7763.57
2025-12-07 14:14:31.992,0 days 02:09:24.929000,81,219.80222222222346,0 days 00:00:42.866000,7349.0,99.0,3,9.0,False,0,car,2685.960833333332,0.5151643953855948,OnTrack,-1500.6272970449022,470.9147175993413,-214.0276417797326,4,48.0,42.866,7764.929
2025-12-07 14:14:33.113,0 days 02:09:26.050000,81,265.3763888888898,0 days 00:00:43.987000,9373.0,121.0,3,74.0,False,0,car,2720.124166666665,0.5217168859292418,OnTrack,-1403.055048983582,187.94849958997452,-209.10848848312037,4,48.0,43.987,7766.05
2025-12-07 14:14:34.555,0 days 02:09:27.492000,81,310.7466694440251,0 days 00:00:45.429000,10797.829550760433,186.11321313681987,4,99.73584835789751,False,0,pos,2784.8502794660744,0.5341312846621475,OnTrack,-1234.0,-449.0,-209.0,4,48.0,45.429,7767.492
2025-12-07 14:14:35.895,0 days 02:09:28.832000,81,338.15916799197396,0 days 00:00:46.769000,10578.002850748428,229.8531878742494,5,99.0,False,0,pos,2864.978956346913,0.549499878599214,OnTrack,-929.0,-1097.0,-217.0,4,48.0,46.769,7768.832
2025-12-07 14:14:37.194,0 days 02:09:30.131000,81,356.2063888888897,0 days 00:00:48.068000,11609.0,258.0,6,99.0,False,0,car,2954.39111111111,0.5666490335971509,OnTrack,-344.758370766809,-1820.3564780309632,-227.76657032146994,4,48.0,48.068,7770.131
2025-12-07 14:14:38.435,0 days 02:09:31.372000,81,366.50777848889027,0 days 00:00:49.309000,11001.0250336,275.5250016,7,100.0,False,0,pos,3046.8545812281177,0.5843834275938674,OnTrack,311.0,-2388.0,-228.0,4,48.0,49.309,7771.372
2025-12-07 14:14:39.695,0 days 02:09:32.632000,81,371.02027788444576,0 days 00:00:50.569000,11527.770858666667,289.4291669333333,7,100.0,False,0,pos,3146.2218873435963,0.6034419699005126,OnTrack,1065.0,-3025.0,-227.0,4,48.0,50.569,7772.632
2025-12-07 14:14:41.113,0 days 02:09:34.050000,81,350.0477777777792,0 days 00:00:51.987000,10553.0,298.0,8,100.0,False,0,car,3262.410277777776,0.6257267780652569,OnTrack,1984.9334776074647,-3793.3728883231756,-228.06657756095444,4,48.0,51.987,7774.05
2025-12-07 14:14:42.115,0 days 02:09:35.052000,81,318.3094399644461,0 days 00:00:52.989000,10512.76997248,298.0,8,100.0,False,0,pos,3345.5301039886194,0.6416690712227202,OnTrack,2655.0,-4269.0,-229.0,4,48.0,52.989,7775.052
2025-12-07 14:14:43.353,0 days 02:09:36.290000,81,273.7572222222243,0 days 00:00:54.227000,10455.0,297.0,8,100.0,False,0,car,3447.73222222222,0.6612713274408795,OnTrack,3588.942852217423,-4760.773436998276,-231.1714818061758,4,48.0,54.227,7776.29
2025-12-07 14:14:44.594,0 days 02:09:37.531000,81,238.71444444444523,0 days 00:00:55.468000,11142.0,275.0,8,0.0,True,0,car,3548.1641666666656,0.6805340662325368,OnTrack,4598.395276113021,-5177.156569716073,-229.5485447087948,4,48.0,55.468,7777.531
2025-12-07 14:14:45.752,0 days 02:09:38.689000,81,239.19888888889,0 days 00:00:56.626000,11363.0,194.0,5,0.0,False,0,car,3617.57361111111,0.693846722931591,OnTrack,5235.2079959804605,-5341.298784073348,-231.26369964979597,4,48.0,56.626,7778.689
2025-12-07 14:14:47.435,0 days 02:09:40.372000,81,274.28611398229015,0 days 00:00:58.309000,10525.696840870682,171.02757036149248,4,57.43859850608946,False,0,pos,3698.8674886014232,0.7094388010907777,OnTrack,5782.0,-4857.0,-233.0,4,48.0,58.309,7780.372
2025-12-07 14:14:48.793,0 days 02:09:41.730000,81,307.058611111112,0 days 00:00:59.667000,11732.0,195.0,4,82.0,False,0,car,3768.2824999999993,0.7227525255256396,OnTrack,5629.084121908625,-4203.662565361684,-221.832939676131,4,48.0,59.667,7781.73
2025-12-07 14:14:50.175,0 days 02:09:43.112000,81,331.3163904533336,0 days 00:01:01.049000,10569.36968448,226.46000384,5,99.0,False,0,pos,3849.9274320644095,0.7384119355740958,OnTrack,4976.0,-3801.0,-223.0,4,48.0,61.049,7783.112
2025-12-07 14:14:51.435,0 days 02:09:44.372000,81,323.01971898666704,0 days 00:01:02.309000,11522.7091712,250.0500032,6,100.0,False,0,pos,3934.438677157976,0.7546211013748795,OnTrack,4147.0,-3689.0,-227.0,4,48.0,62.309,7784.372
2025-12-07 14:14:52.672,0 days 02:09:45.609000,81,277.22111111111235,0 days 00:01:03.546000,10890.0,271.0,7,99.0,False,0,car,4025.1936111111104,0.7720277999752473,OnTrack,3213.183487595444,-3617.960049265857,-232.3362554603856,4,48.0,63.546,7785.609
2025-12-07 14:14:53.992,0 days 02:09:46.929000,81,213.64194444444456,0 days 00:01:04.866000,11152.0,279.0,7,99.0,False,0,car,4126.771388888888,0.791510308366317,OnTrack,2218.942362243111,-3184.463565173839,-233.00346393438986,4,48.0,64.866,7786.929
2025-12-07 14:14:55.353,0 days 02:09:48.290000,81,161.17166666666708,0 days 00:01:06.227000,9850.0,240.0,7,0.0,True,0,car,4227.478888888889,0.8108258984167905,OnTrack,1642.0200167322284,-2345.902636543767,-232.96840235230937,4,48.0,66.227,7788.29
2025-12-07 14:14:56.955,0 days 02:09:49.892000,81,154.242778666667,0 days 00:01:07.829000,8288.121226057143,117.22142445714286,3,0.0,True,0,pos,4293.778970559141,0.823542182684154,OnTrack,1590.0,-1652.0,-231.0,4,48.0,67.829,7789.892
2025-12-07 14:14:58.233,0 days 02:09:51.170000,81,171.82944444444456,0 days 00:01:09.107000,7728.0,103.0,3,34.0,False,0,car,4330.3875,0.8305636592080506,OnTrack,1863.199214128318,-1398.0223726343997,-234.0454670786801,4,48.0,69.107,7791.17
2025-12-07 14:14:59.615,0 days 02:09:52.552000,81,179.7488890133336,0 days 00:01:10.489000,9968.28487168,142.86000128,3,38.9749888,False,0,pos,4378.644155523898,0.8398192337710826,OnTrack,2289.0,-1415.0,-233.0,4,48.0,70.489,7792.552
2025-12-07 14:15:01.595,0 days 02:09:54.532000,81,212.94472467555565,0 days 00:01:12.469000,9057.8002432,143.47000448,4,79.47000448,False,0,pos,4452.909027184637,0.8540631561815272,OnTrack,2762.0,-900.0,-227.0,4,48.0,72.469,7794.532
2025-12-07 14:15:02.915,0 days 02:09:55.852000,81,242.88778133333304,0 days 00:01:13.789000,8946.1998848,149.75999744,4,0.0,False,0,pos,4509.863698441074,0.8649870007953726,OnTrack,2686.0,-296.0,-232.0,4,48.0,73.789,7795.852
2025-12-07 14:15:04.195,0 days 02:09:57.132000,81,281.8566703644446,0 days 00:01:15.069000,9702.593114514286,150.18571702857142,4,72.42143725714286,False,0,pos,4561.432273267927,0.8748777979141835,OnTrack,2320.0,-31.0,-232.0,4,48.0,75.069,7797.132
2025-12-07 14:15:05.712,0 days 02:09:58.649000,81,312.18388888888876,0 days 00:01:16.586000,10986.0,208.0,5,99.0,False,0,car,4638.6866666666665,0.8896951073746314,OnTrack,1546.7769074696018,-77.75796765705017,-232.00337713926422,4,48.0,76.586,7798.649
2025-12-07 14:15:07.015,0 days 02:09:59.952000,81,293.9427741511113,0 days 00:01:17.889000,11091.1417984,241.5500032,6,99.0,False,0,pos,4721.49242416276,0.905577162490819,OnTrack,742.0,-196.0,-233.0,4,48.0,77.889,7799.952
2025-12-07 14:15:08.916,0 days 02:10:01.853000,81,229.60166465777857,0 days 00:01:19.790000,11860.906248,257.0,6,94.046876,False,0,pos,4855.767229371367,0.9313309255324655,OnTrack,-563.0,180.0,-220.0,4,48.0,79.79,7801.853
2025-12-07 14:15:10.275,0 days 02:10:03.212000,81,196.24805402666703,0 days 00:01:21.149000,10782.942378057143,241.24284525714285,6,1.3928548571428574,True,0,pos,4952.050430696494,0.9497979398615215,OnTrack,-1004.0,955.0,-222.0,4,48.0,81.149,7803.212
2025-12-07 14:15:11.735,0 days 02:10:04.672000,81,215.729725920001,0 days 00:01:22.609000,9422.133021866666,133.1749952,4,0.0,True,0,pos,5020.995894732415,0.96302160561787,OnTrack,-1112.0,1669.0,-222.0,4,48.0,82.609,7804.672
2025-12-07 14:15:12.995,0 days 02:10:05.932000,81,259.74583705514374,0 days 00:01:23.869000,9228.759188345119,123.37396288070256,3,44.93352437602648,False,0,pos,5063.876817205597,0.9712461203707747,OnTrack,-855.0,1958.0,-222.0,4,48.0,83.869,7805.932
2025-12-07 14:15:14.513,0 days 02:10:07.450000,81,308.86944444444543,0 days 00:01:25.387000,10779.0,182.0,4,99.0,False,0,car,5129.53611111111,0.9838395022349102,OnTrack,-240.75752417280236,2023.1199561124895,-226.1976799326685,4,48.0,85.387,7807.45
2025-12-07 14:15:15.675,0 days 02:10:08.612000,81,330.4899999999998,0 days 00:01:26.549000,11256.5662976,220.82222506666668,5,100.0,False,0,pos,5196.165255785844,0.996618900432173,OnTrack,358.0,2055.0,-238.0,4,48.0,86.549,7808.612
2025-12-07 14:09:32.677,0 days 02:04:25.614000,,314.9319444444444,0 days 00:00:00,11242.862495927273,222.9184925053808,5,100.0,False,0,interpolation,0.2769369574492301,5.293590052757894e-05,OnTrack,573.3709732048651,2080.92984114879,-238.99361388581315,16,45.0,0.0,7465.614
2025-12-07 14:09:33.993,0 days 02:04:26.930000,4,297.7930555555555,0 days 00:00:01.316000,11567.0,253.0,6,100.0,False,0,car,88.89194444444445,0.016991502947658943,OnTrack,1416.2648539918728,2178.203527749389,-239.40605550870606,16,45.0,1.316,7466.93
2025-12-07 14:09:35.393,0 days 02:04:28.330000,4,261.5294444444444,0 days 00:00:02.716000,10814.0,271.0,7,100.0,False,0,car,191.81750000000002,0.03666550031088072,OnTrack,2416.4356189788,2291.232496681424,-239.06511277658086,16,45.0,2.716,7468.33
2025-12-07 14:09:36.712,0 days 02:04:29.649000,4,237.72111111111104,0 days 00:00:04.035000,11049.0,275.0,7,100.0,False,0,car,292.3975,0.05589114980202924,OnTrack,3420.1490146118927,2405.646158864547,-238.0319448294808,16,45.0,4.035,7469.649
2025-12-07 14:09:37.832,0 days 02:04:30.769000,4,242.71499999999986,0 days 00:00:05.155000,11766.0,188.0,7,0.0,True,0,car,361.2047222222222,0.06904350153104108,OnTrack,4119.024165414377,2510.7988750974123,-234.07782113227597,16,45.0,5.155,7470.769
2025-12-07 14:09:39.195,0 days 02:04:32.132000,4,275.6055572444444,0 days 00:00:06.518000,10259.9000832,159.546876,4,61.6218776,False,0,pos,423.0046291845173,0.08085642010175768,OnTrack,4396.0,3023.0,-231.0,16,45.0,6.518,7472.132
2025-12-07 14:09:40.435,0 days 02:04:33.372000,4,305.02250110222224,0 days 00:00:07.758000,10654.59509376,197.1500032,5,100.0,False,0,pos,484.50127583158167,0.09261137111903221,OnTrack,4339.0,3621.0,-229.0,16,45.0,7.758,7473.372
2025-12-07 14:09:41.575,0 days 02:04:34.512000,4,320.8533340266668,0 days 00:00:08.898000,10609.3186208,227.468752,5,100.0,False,0,pos,552.5503161286836,0.1056187980126604,OnTrack,4174.0,4326.0,-216.0,16,45.0,8.898,7474.512
2025-12-07 14:09:42.871,0 days 02:04:35.808000,4,331.3744444444445,0 days 00:00:10.194000,11527.0,248.0,6,99.0,False,0,car,639.5899999999998,0.12225624535736411,OnTrack,3889.626165945483,5030.271079543453,-187.0576193690026,16,45.0,10.194,7475.808
2025-12-07 14:09:44.192,0 days 02:04:37.129000,4,340.9480555555558,0 days 00:00:11.515000,10588.0,263.0,7,100.0,False,0,car,733.7824999999998,0.1402609380367736,OnTrack,3033.00804976062,5440.593281843337,-147.22558757344294,16,45.0,11.515,7477.129
2025-12-07 14:09:45.592,0 days 02:04:38.529000,4,350.2702777777778,0 days 00:00:12.915000,10951.0,270.0,7,100.0,False,0,car,837.7824999999999,0.1601403131320157,OnTrack,2226.737762283774,6098.906574412735,-130.00607491466417,16,45.0,12.915,7478.529
2025-12-07 14:09:46.992,0 days 02:04:39.929000,4,357.15916666666703,0 days 00:00:14.315000,11078.0,274.0,7,100.0,False,0,car,943.7269444444444,0.18039136457786326,OnTrack,2216.7185612893913,7151.8388957579045,-141.99273333732538,16,45.0,14.315,7479.929
2025-12-07 14:09:48.193,0 days 02:04:41.130000,4,333.70027777777796,0 days 00:00:15.516000,11360.0,282.0,7,100.0,False,0,car,1036.8830555555555,0.19819795376240004,OnTrack,2372.6335865859364,8058.2382414976,-175.03350405653688,16,45.0,15.516,7481.13
2025-12-07 14:09:49.395,0 days 02:04:42.332000,4,276.5666623873379,0 days 00:00:16.718000,11628.301381464436,289.3698631978482,7,100.0,False,0,pos,1132.5938633064293,0.21649286768497908,OnTrack,2418.0,9022.0,-203.0,16,45.0,16.718,7482.332
2025-12-07 14:09:50.755,0 days 02:04:43.692000,4,202.9433333333334,0 days 00:00:18.078000,11644.95,291.0,7,100.0,False,0,pos,1242.557212850701,0.2375121241495925,OnTrack,2365.0,10105.0,-211.0,16,45.0,18.078,7483.692
2025-12-07 14:09:51.975,0 days 02:04:44.912000,4,146.93944277333352,0 days 00:00:19.298000,10427.9122688,237.6999936,7,0.0,True,0,pos,1337.0371400412173,0.2555717579148947,OnTrack,2270.0,11104.0,-209.0,16,45.0,19.298,7484.912
2025-12-07 14:09:53.392,0 days 02:04:46.329000,4,153.86861111111125,0 days 00:00:20.715000,9128.0,126.0,3,0.0,True,0,car,1399.0052777777778,0.2674168334343054,OnTrack,2052.553085592825,11655.358008459314,-201.9659302367939,16,45.0,20.715,7486.329
2025-12-07 14:09:54.695,0 days 02:04:47.632000,4,197.96944695111094,0 days 00:00:22.018000,7312.82144,95.2035712,3,29.7250048,False,0,pos,1435.8309239688026,0.2744559760665752,OnTrack,1716.0,11756.0,-205.0,16,45.0,22.018,7487.632
2025-12-07 14:09:56.151,0 days 02:04:49.088000,4,256.3749999999998,0 days 00:00:23.474000,9895.0,128.0,3,70.0,False,0,car,1480.6475000000005,0.28302256765704265,OnTrack,1418.9492496542448,11452.648889465245,-212.52664171172344,16,45.0,23.474,7489.088
2025-12-07 14:09:57.351,0 days 02:04:50.288000,4,295.8258333333331,0 days 00:00:24.674000,11304.0,179.0,4,99.0,False,0,car,1533.0733333333337,0.29304365232544627,OnTrack,1250.5505331681877,10975.45296622047,-224.08062319955033,16,45.0,24.674,7490.288
2025-12-07 14:09:58.715,0 days 02:04:51.652000,4,326.9058345244442,0 days 00:00:26.038000,11128.469288533333,223.63889066666667,5,99.43611093333334,False,0,pos,1611.4698695083805,0.3080289806792104,OnTrack,1020.0,10243.0,-227.0,16,45.0,26.038,7491.652
2025-12-07 14:10:00.075,0 days 02:04:53.012000,4,348.0686111897078,0 days 00:00:27.398000,11670.428576653061,253.36842115393745,6,100.0,False,0,pos,1703.2778907020718,0.32557788539133853,OnTrack,738.0,9383.0,-215.0,16,45.0,27.398,7493.012
2025-12-07 14:10:01.312,0 days 02:04:54.249000,4,361.31611111111147,0 days 00:00:28.635000,10960.0,273.0,7,99.0,False,0,car,1794.695277777778,0.3430521212365779,OnTrack,406.02287810035574,8434.232467999498,-213.96713121795673,16,45.0,28.635,7494.249
2025-12-07 14:10:02.575,0 days 02:04:55.512000,4,370.72333405898684,0 days 00:00:29.898000,11541.172112466373,286.5660856763827,7,99.0,False,0,pos,1893.4878244227718,0.36193610288436656,OnTrack,114.0,7600.0,-213.0,16,45.0,29.898,7495.512
2025-12-07 14:10:03.775,0 days 02:04:56.712000,4,375.76222222222253,0 days 00:00:31.098000,10635.966666666667,295.76666666666665,8,99.0,False,0,pos,1991.0384361015183,0.38058269134909833,OnTrack,-206.0,6682.0,-213.0,16,45.0,31.098,7496.712
2025-12-07 14:10:05.115,0 days 02:04:58.052000,4,376.9066665796354,0 days 00:00:32.438000,10808.447761973417,303.0,8,99.0,False,0,pos,2103.153904980164,0.40201332077042085,OnTrack,-575.0,5626.0,-213.0,16,45.0,32.438,7498.052
2025-12-07 14:10:06.352,0 days 02:04:59.289000,4,355.5672222222229,0 days 00:00:33.675000,10929.0,308.0,8,99.0,False,0,car,2208.497499999999,0.42214952114811866,OnTrack,-925.3962397786794,4626.745071240473,-213.0630665810488,16,45.0,33.675,7499.289
2025-12-07 14:10:07.795,0 days 02:05:00.732000,4,277.38916263111196,0 days 00:00:35.118000,10966.4718664,308.6156248,8,99.0,False,0,pos,2332.3845322129578,0.4458302594442507,OnTrack,-1371.0,3370.0,-226.0,16,45.0,35.118,7500.732
2025-12-07 14:10:08.955,0 days 02:05:01.892000,4,201.88082619495543,0 days 00:00:36.278000,10893.330823806584,307.6942353172154,8,99.0,False,0,pos,2431.5388867946995,0.46478339989672274,OnTrack,-1677.0,2527.0,-235.0,16,45.0,36.278,7501.892
2025-12-07 14:10:10.351,0 days 02:05:03.288000,4,124.0172222222227,0 days 00:00:37.674000,9325.0,228.0,8,0.0,True,0,car,2541.901944444444,0.4858790597013101,OnTrack,-2092.1009397684693,1379.4704248909914,-235.04671981391593,16,45.0,37.674,7503.288
2025-12-07 14:10:11.712,0 days 02:05:04.649000,4,103.63194444444525,0 days 00:00:39.035000,9396.0,115.0,2,0.0,True,0,car,2598.857777777777,0.4967660440733815,OnTrack,-2195.5645412457084,854.9551430088218,-233.1181863633172,16,45.0,39.035,7504.649
2025-12-07 14:10:13.015,0 days 02:05:05.952000,4,122.90389061333393,0 days 00:00:40.338000,5874.7417216,67.9041664,2,2.2041728000000003,True,0,pos,2627.5167831699287,0.5022441509776809,OnTrack,-2094.0,584.0,-231.0,16,45.0,40.338,7505.952
2025-12-07 14:10:14.395,0 days 02:05:07.332000,4,166.00555767111206,0 days 00:00:41.718000,8382.6210208,90.7666688,2,53.0,False,0,pos,2656.820392137751,0.5078454724614853,OnTrack,-1796.0,605.0,-224.0,16,45.0,41.718,7507.332
2025-12-07 14:10:15.595,0 days 02:05:08.532000,4,209.20111372444492,0 days 00:00:42.918000,7484.249984,97.0,3,21.36500352,False,0,pos,2689.201201450894,0.5140349941367109,OnTrack,-1527.0,513.0,-215.0,16,45.0,42.918,7508.532
2025-12-07 14:10:16.915,0 days 02:05:09.852000,4,262.3091666666667,0 days 00:00:44.238000,10384.233333333334,125.31666666666666,3,82.28333333333333,False,0,pos,2730.1350505236246,0.5218594108656421,OnTrack,-1391.0,136.0,-209.0,16,45.0,44.238,7509.852
2025-12-07 14:10:18.472,0 days 02:05:11.409000,4,306.613055555556,0 days 00:00:45.795000,10769.0,200.0,5,99.0,False,0,car,2805.456388888888,0.5362569218083221,OnTrack,-1164.6236106253587,-636.5149558296696,-210.9846512192811,16,45.0,45.795,7511.409
2025-12-07 14:10:19.795,0 days 02:05:12.732000,4,331.0691676266668,0 days 00:00:47.118000,10943.0750656,237.0750016,6,99.43928594285714,False,0,pos,2887.605555442825,0.5519595573437762,OnTrack,-815.0,-1271.0,-220.0,16,45.0,47.118,7512.732
2025-12-07 14:10:20.952,0 days 02:05:13.889000,4,345.90250000000015,0 days 00:00:48.275000,10728.0,260.0,6,100.0,False,0,car,2968.388888888888,0.5674011168343367,OnTrack,-266.44418243325293,-1891.5004955996408,-227.86453700841267,16,45.0,48.275,7513.889
2025-12-07 14:10:22.275,0 days 02:05:15.212000,4,356.7108340088892,0 days 00:00:49.598000,11122.2167232,277.6833344,7,100.0,False,0,pos,3067.7159810279463,0.586387275697337,OnTrack,458.0,-2512.0,-228.0,16,45.0,49.598,7515.212
2025-12-07 14:10:23.755,0 days 02:05:16.692000,4,357.9897221928282,0 days 00:00:51.078000,11647.899792848462,290.6993737353655,7,99.0,False,0,pos,3185.317313958255,0.6088665161687028,OnTrack,1351.0,-3266.0,-228.0,16,45.0,51.078,7516.692
2025-12-07 14:10:24.995,0 days 02:05:17.932000,4,330.8363869511122,0 days 00:00:52.318000,10611.2593832,297.8843752,8,99.1156248,False,0,pos,3286.990595225434,0.6283011440098017,OnTrack,2249.0,-3993.0,-228.0,16,45.0,52.318,7517.932
2025-12-07 14:10:26.255,0 days 02:05:19.192000,4,286.8516663758552,0 days 00:00:53.578000,10623.044778362517,299.8805969769065,8,100.0,False,0,pos,3392.052059891801,0.6483834157805539,OnTrack,3035.0,-4496.0,-229.0,16,45.0,53.578,7519.192
2025-12-07 14:10:27.435,0 days 02:05:20.372000,4,244.25694227555724,0 days 00:00:54.758000,10614.52000256,298.81500032,8,100.0,False,0,pos,3489.9972404480422,0.6671054252329457,OnTrack,4038.0,-4957.0,-231.0,16,45.0,54.758,7520.372
2025-12-07 14:10:28.755,0 days 02:05:21.692000,4,218.75999984570402,0 days 00:00:56.078000,10080.962459788696,223.30187701056522,7,0.0,True,0,pos,3587.0076998838977,0.6856487647645525,OnTrack,4873.0,-5285.0,-229.0,16,45.0,56.078,7521.692
2025-12-07 14:10:30.195,0 days 02:05:23.132000,4,235.175000651174,0 days 00:00:57.518000,10679.306717415537,170.4389021747874,4,31.788032604573782,False,0,pos,3661.607090019754,0.6999082768644276,OnTrack,5572.0,-5187.0,-236.0,16,45.0,57.518,7523.132
2025-12-07 14:10:31.555,0 days 02:05:24.492000,4,266.51916695449927,0 days 00:00:58.878000,10053.476149657961,177.0476192003819,4,69.61904768015275,False,0,pos,3726.3697541470365,0.7122875200601334,OnTrack,5788.0,-4616.0,-228.0,16,45.0,58.878,7524.492
2025-12-07 14:10:32.592,0 days 02:05:25.529000,4,291.104444444446,0 days 00:00:59.915000,10550.0,195.0,5,89.0,False,0,car,3780.3291666666655,0.7226017450735625,OnTrack,5574.832233636011,-4127.3032883242495,-222.02325197025704,16,45.0,59.915,7525.529
2025-12-07 14:10:34.032,0 days 02:05:26.969000,4,316.7933333333358,0 days 00:01:01.355000,10746.0,225.0,5,100.0,False,0,car,3865.884722222221,0.738955504500204,OnTrack,4673.7616175261555,-3769.0561769937376,-223.3414825303518,16,45.0,61.355,7526.969
2025-12-07 14:10:35.315,0 days 02:05:28.252000,4,304.9691637479217,0 days 00:01:02.638000,11602.957681469556,252.5311732718082,6,100.0,False,0,pos,3952.653883539732,0.755541242043765,OnTrack,3752.0,-3659.0,-229.0,16,45.0,62.638,7528.252
2025-12-07 14:10:36.515,0 days 02:05:29.452000,4,258.54722158399517,0 days 00:01:03.838000,10793.064677592733,269.4378110846762,7,100.0,False,0,pos,4040.7012779843235,0.7723713110853303,OnTrack,2985.0,-3579.0,-232.0,16,45.0,63.838,7529.452
2025-12-07 14:10:37.655,0 days 02:05:30.592000,4,204.90749706667128,0 days 00:01:04.978000,10960.853578971428,272.4892854857143,7,100.0,False,0,pos,4126.684850095952,0.7888068849510596,OnTrack,2214.0,-3180.0,-233.0,16,45.0,64.978,7530.592
2025-12-07 14:10:39.152,0 days 02:05:32.089000,4,151.5061111111163,0 days 00:01:06.475000,9813.0,221.0,7,0.0,True,0,car,4234.106666666665,0.8093403328839586,OnTrack,1626.0094418345761,-2284.1426479171123,-232.99904493912027,16,45.0,66.475,7532.089
2025-12-07 14:10:40.232,0 days 02:05:33.169000,4,143.50611111111448,0 days 00:01:07.555000,9536.0,138.0,4,1.0,True,0,car,4283.351111111111,0.8187533019461505,OnTrack,1577.879225161333,-1752.7009830512309,-230.96922188579194,16,45.0,67.555,7533.169
2025-12-07 14:10:41.475,0 days 02:05:34.412000,4,155.81694587241407,0 days 00:01:08.798000,7891.83236922529,104.0,3,27.27951394962045,False,0,pos,4322.358596404935,0.8262094984045933,OnTrack,1753.0,-1424.0,-234.0,16,45.0,68.798,7534.412
2025-12-07 14:10:42.715,0 days 02:05:35.652000,4,166.5927782577842,0 days 00:01:10.038000,9860.777609828572,126.02678628571428,3,70.89017622857143,False,0,pos,4362.097858834294,0.8338055724799921,OnTrack,2127.0,-1412.0,-233.0,16,45.0,70.038,7535.652
2025-12-07 14:10:44.672,0 days 02:05:37.609000,4,187.15916666667454,0 days 00:01:11.995000,8847.0,137.0,4,53.0,False,0,car,4435.835555555554,0.8479003737471185,OnTrack,2746.5352252697885,-1020.5740737214967,-230.1172952717199,16,45.0,71.995,7537.609
2025-12-07 14:10:45.975,0 days 02:05:38.912000,4,213.15250209346618,0 days 00:01:13.298000,10235.429939724349,160.85046885492213,4,61.44859343523358,False,0,pos,4490.222557394525,0.8582963315342582,OnTrack,2771.0,-539.0,-228.0,16,45.0,73.298,7538.912
2025-12-07 14:10:47.312,0 days 02:05:40.249000,4,246.7947222222292,0 days 00:01:14.635000,9866.0,154.0,4,50.0,False,0,car,4549.069722222221,0.8695448398313861,OnTrack,2394.536368538177,-56.34147823864947,-232.1704652550241,16,45.0,74.635,7540.249
2025-12-07 14:10:48.913,0 days 02:05:41.850000,4,282.50055555556355,0 days 00:01:16.236000,10674.0,195.0,5,100.0,False,0,car,4625.968333333331,0.8842438430485102,OnTrack,1700.8312758173734,-55.20645419388164,-231.998885900276,16,45.0,76.236,7541.85
2025-12-07 14:10:50.055,0 days 02:05:42.992000,4,283.74722222223033,0 days 00:01:17.378000,11030.9,230.3,5,100.0,False,0,pos,4695.361707055603,0.897508236369177,OnTrack,1023.0,-148.0,-232.0,16,45.0,77.378,7542.992
2025-12-07 14:10:51.255,0 days 02:05:44.192000,4,252.50916464000824,0 days 00:01:18.578000,11378.7062784,247.2875008,6,77.781248,False,0,pos,4776.228915608563,0.9129658284050373,OnTrack,231.0,-262.0,-225.0,16,45.0,78.578,7544.192
2025-12-07 14:10:52.592,0 days 02:05:45.529000,4,206.69305555556275,0 days 00:01:19.915000,10325.0,253.0,7,100.0,False,0,car,4869.511388888888,0.9307965714449554,OnTrack,-568.9032444092035,190.75999044102372,-219.3679452280343,16,45.0,79.915,7545.529
2025-12-07 14:10:53.735,0 days 02:05:46.672000,4,175.4455541866744,0 days 00:01:21.058000,9956.8060832,258.0,7,30.009355199999998,False,0,pos,4951.11772916715,0.9463954469117009,OnTrack,-980.0,902.0,-221.0,16,45.0,81.058,7546.672
2025-12-07 14:10:54.992,0 days 02:05:47.929000,4,183.5708333333414,0 days 00:01:22.315000,8472.0,140.0,4,4.0,True,0,car,5014.055833333334,0.9584259294165373,OnTrack,-1120.026244197267,1557.7968021840295,-221.98929842139793,16,45.0,82.315,7547.929
2025-12-07 14:10:56.255,0 days 02:05:49.192000,4,222.98750437334124,0 days 00:01:23.578000,8235.164447085714,127.66428708571429,4,46.43571931428571,False,0,pos,5058.767586102463,0.9669724842671453,OnTrack,-1009.0,1891.0,-222.0,16,45.0,83.578,7549.192
2025-12-07 14:10:57.592,0 days 02:05:50.529000,4,266.4794444444524,0 days 00:01:24.915000,11203.0,160.0,4,98.0,False,0,car,5112.686111111111,0.9772788937212714,OnTrack,-495.186010185992,1997.6095105148731,-222.4146288090038,16,45.0,84.915,7550.529
2025-12-07 14:10:58.952,0 days 02:05:51.889000,4,298.1794444444522,0 days 00:01:26.275000,11428.0,215.0,5,100.0,False,0,car,5186.319444444444,0.9913537461524861,OnTrack,234.82980540018377,2047.6722561791878,-236.45465151837786,16,45.0,86.275,7551.889
2025-12-07 14:27:26.377,0 days 02:22:19.314000,,1492.2897222222218,0 days 00:00:00,10829.88619702857,224.42142445714285,5,100.0,False,0,interpolation,0.6510588346553569,0.00012458021519873554,OnTrack,542.9124545679847,2077.129671903411,-239.00001426818787,63,57.0,0.0,8539.314
2025-12-07 14:27:27.676,0 days 02:22:20.613000,16,1472.3302777777774,0 days 00:00:01.299000,11845.0,252.0,6,100.0,False,0,car,87.78333333333333,0.01679735528559118,OnTrack,1431.9749433209495,2179.2044526023315,-239.65453268699113,63,57.0,1.299,8540.613
2025-12-07 14:27:29.015,0 days 02:22:21.952000,16,1456.4933333333333,0 days 00:00:02.638000,11144.357142857143,270.7857142857143,7,100.0,False,0,pos,186.2592929877684,0.03564074637811165,OnTrack,2370.0,2286.0,-239.0,63,57.0,2.638,8541.952
2025-12-07 14:27:30.355,0 days 02:22:23.292000,16,1446.7647222222222,0 days 00:00:03.978000,11054.0,281.0,7,100.0,True,0,car,289.9213888888889,0.0554765054952578,OnTrack,3476.6267164038027,2411.7620033775897,-236.89183794317313,63,57.0,3.978,8543.292
2025-12-07 14:27:31.556,0 days 02:22:24.493000,16,1467.0972222222224,0 days 00:00:05.179000,10694.0,181.0,4,0.0,True,0,car,360.685,0.06901713413157534,OnTrack,4159.874933545547,2526.2933973195773,-233.64111400430173,63,57.0,5.179,8544.493
2025-12-07 14:27:32.955,0 days 02:22:25.892000,16,1516.6602777777775,0 days 00:00:06.578000,10240.0,157.0,4,54.0,False,0,car,422.9086111111111,0.08092363236190522,OnTrack,4394.905470846192,3000.146586217392,-230.00352745294288,63,57.0,6.578,8545.892
2025-12-07 14:27:34.196,0 days 02:22:27.133000,16,1558.5133333333333,0 days 00:00:07.819000,10580.0,190.0,5,100.0,False,0,car,483.9724999999999,0.09260821755408137,OnTrack,4328.729351652854,3682.511536142536,-228.6261673177482,63,57.0,7.819,8547.133
2025-12-07 14:27:35.636,0 days 02:22:28.573000,16,1593.9647222222225,0 days 00:00:09.259000,11150.0,231.0,6,100.0,False,0,car,570.8222222222222,0.10922692619985587,OnTrack,4144.4769408937655,4431.119541124331,-212.83066730251795,63,57.0,9.259,8548.573
2025-12-07 14:27:36.875,0 days 02:22:29.812000,16,1616.3461121955563,0 days 00:00:10.498000,10577.8249472,250.42500022857143,6,100.0,False,0,pos,654.9860000502177,0.12533167894359315,OnTrack,3766.0,5147.0,-180.0,63,57.0,10.498,8549.812
2025-12-07 14:27:38.076,0 days 02:22:31.013000,16,1634.3186111111117,0 days 00:00:11.699000,10911.0,265.0,7,100.0,False,0,car,741.4130555555554,0.14186951024350578,OnTrack,2889.154145493712,5489.894917910187,-142.08182835253803,63,57.0,11.699,8551.013
2025-12-07 14:27:39.555,0 days 02:22:32.492000,16,1652.5733333333344,0 days 00:00:13.178000,11050.0,268.0,7,81.0,False,0,car,851.6163888888887,0.1629569362202261,OnTrack,2182.784084822586,6227.631640189747,-129.76766108686334,63,57.0,13.178,8552.492
2025-12-07 14:27:40.795,0 days 02:22:33.732000,16,1636.684444444446,0 days 00:00:14.418000,11135.0,271.0,7,100.0,False,0,car,944.3386111111107,0.18069934870782287,OnTrack,2217.029032194842,7153.22466308279,-141.35148854480929,63,57.0,14.418,8553.732
2025-12-07 14:27:42.116,0 days 02:22:35.053000,16,1575.9122222222234,0 days 00:00:15.739000,11616.0,283.0,7,100.0,False,0,car,1046.426111111111,0.20023380864005516,OnTrack,2386.19170609246,8161.1789235013175,-178.45403852594401,63,57.0,15.739,8555.053
2025-12-07 14:27:43.596,0 days 02:22:36.533000,16,1485.2655555555568,0 days 00:00:17.219000,10458.0,293.0,8,100.0,False,0,car,1165.2936111111107,0.22297912433487202,OnTrack,2409.138930329614,9345.631734112236,-208.55616386752286,63,57.0,17.219,8556.533
2025-12-07 14:27:44.655,0 days 02:22:37.592000,16,1423.0366630755575,0 days 00:00:18.278000,10611.750006857143,297.85000045714287,8,100.0,False,0,pos,1252.2736462796604,0.23962276838438046,OnTrack,2357.0,10206.0,-211.0,63,57.0,18.278,8557.592
2025-12-07 14:27:46.095,0 days 02:22:39.032000,16,1357.988611111113,0 days 00:00:19.718000,8596.5,186.625,8,0.0,True,0,pos,1354.4451710916542,0.2591733064782212,OnTrack,2243.0,11251.0,-206.0,63,57.0,19.718,8559.032
2025-12-07 14:27:47.475,0 days 02:22:40.412000,16,1354.1719444444468,0 days 00:00:21.098000,7648.428571428572,110.14285714285714,3,0.0,True,0,pos,1406.056372829382,0.26904911842777424,OnTrack,2001.0,11701.0,-202.0,63,57.0,21.098,8560.412
2025-12-07 14:27:48.835,0 days 02:22:41.772000,16,1389.1366688355579,0 days 00:00:22.458000,7035.8250752,92.4958336,3,21.916672000000002,False,0,pos,1442.8456509170062,0.27608875284666434,OnTrack,1657.0,11726.0,-205.0,63,57.0,22.458,8561.772
2025-12-07 14:27:50.116,0 days 02:22:43.053000,16,1433.8811111111136,0 days 00:00:23.739000,9107.0,119.0,3,67.0,False,0,car,1480.416666666666,0.28327797289588685,OnTrack,1417.0465527104705,11448.292130807959,-211.82211467720936,63,57.0,23.739,8563.053
2025-12-07 14:27:51.196,0 days 02:22:44.133000,16,1467.0811111111134,0 days 00:00:24.819000,10511.0,168.0,3,100.0,False,0,car,1523.9611111111103,0.29161020950929506,OnTrack,1286.689534733618,11091.457395705911,-221.54524609964062,63,57.0,24.819,8564.133
2025-12-07 14:27:52.356,0 days 02:22:45.293000,16,1491.5016666666693,0 days 00:00:25.979000,11470.0,212.0,5,100.0,False,0,car,1587.1855555555549,0.30370821736273107,OnTrack,1079.4086325124563,10430.258384920016,-229.99677388969448,63,57.0,25.979,8565.293
2025-12-07 14:27:53.675,0 days 02:22:46.612000,16,1510.6636111111134,0 days 00:00:27.298000,11685.0,243.0,6,100.0,False,0,car,1672.5891666666657,0.3200502124093131,OnTrack,826.8376567758148,9640.15507749632,-216.57424553524427,63,57.0,27.298,8566.612
2025-12-07 14:27:55.095,0 days 02:22:48.032000,16,1524.0261115911123,0 days 00:00:28.718000,11187.7281864,271.796876,7,100.0,False,0,pos,1776.2572852393619,0.3398871239656567,OnTrack,476.0,8633.0,-213.0,63,57.0,28.718,8568.032
2025-12-07 14:27:56.395,0 days 02:22:49.332000,16,1531.8997224888906,0 days 00:00:30.018000,11310.217614628571,286.55714377142857,7,100.0,False,0,pos,1877.6404284807527,0.35928680511616706,OnTrack,167.0,7750.0,-214.0,63,57.0,30.018,8569.332
2025-12-07 14:27:57.716,0 days 02:22:50.653000,16,1535.7033333333343,0 days 00:00:31.339000,10672.0,299.0,8,100.0,False,0,car,1985.865277777777,0.3799956478468108,OnTrack,-189.25427619526295,6730.033995214652,-212.792499257215,63,57.0,31.339,8570.653
2025-12-07 14:27:58.876,0 days 02:22:51.813000,16,1517.160000000001,0 days 00:00:32.499000,10841.2,306.0,8,100.0,False,0,pos,2083.7952688392807,0.398734567759188,OnTrack,-540.0,5728.0,-213.0,63,57.0,32.499,8571.813
2025-12-07 14:28:00.395,0 days 02:22:53.332000,16,1461.9069444444444,0 days 00:00:34.018000,11086.0,310.0,8,100.0,False,0,pos,2213.9580555555553,0.4236412384267699,OnTrack,-891.0,4723.0,-213.0,63,57.0,34.018,8573.332
2025-12-07 14:28:01.675,0 days 02:22:54.612000,16,1407.294722222222,0 days 00:00:35.298000,11155.0,314.0,8,100.0,False,0,car,2324.9908333333337,0.4448873787344908,OnTrack,-1292.9352967651198,3585.209915188681,-222.79099743947583,63,57.0,35.298,8574.612
2025-12-07 14:28:02.795,0 days 02:22:55.732000,16,1365.3483333333338,0 days 00:00:36.418000,11206.4,314.0,8,100.0,False,0,pos,2422.6133958069436,0.4635674721359609,OnTrack,-1624.0,2672.0,-235.0,63,57.0,36.418,8575.732
2025-12-07 14:28:04.236,0 days 02:22:57.173000,16,1333.2955555555554,0 days 00:00:37.859000,8309.0,239.0,8,0.0,True,0,car,2537.7127777777782,0.48559175782553077,OnTrack,-2060.416821053677,1473.7449811509896,-234.99776817877623,63,57.0,37.859,8577.173
2025-12-07 14:28:05.396,0 days 02:22:58.333000,16,1357.4177777777786,0 days 00:00:39.019000,8950.0,115.0,4,0.0,True,0,car,2590.346111111111,0.49566315482418205,OnTrack,-2190.8438707136397,953.4548897139503,-234.02104839612159,63,57.0,39.019,8578.333
2025-12-07 14:28:06.735,0 days 02:22:59.672000,16,1423.8447222222233,0 days 00:00:40.358000,5421.125,68.0625,2,0.0,True,0,pos,2621.2361656194453,0.501573971839953,OnTrack,-2151.0,644.0,-230.0,63,57.0,40.358,8579.672
2025-12-07 14:28:08.155,0 days 02:23:01.092000,16,1508.1513888888908,0 days 00:00:41.778000,6057.0,65.0,2,25.0,False,0,car,2645.6149999999993,0.506238865812295,OnTrack,-1921.45173762258,581.7315558013156,-226.8075896159854,63,57.0,41.778,8581.092
2025-12-07 14:28:09.435,0 days 02:23:02.372000,16,1567.543612853335,0 days 00:00:43.058000,6890.9562848,92.2468752,2,23.7531248,False,0,pos,2675.8580465922396,0.5120258777568011,OnTrack,-1650.0,599.0,-222.0,63,57.0,43.058,8582.372
2025-12-07 14:28:10.796,0 days 02:23:03.733000,16,1588.034722222225,0 days 00:00:44.419000,8535.0,112.0,3,60.0,False,0,car,2713.6761111111105,0.519262370628685,OnTrack,-1436.4833901116892,310.08053881865175,-211.17352769124653,63,57.0,44.419,8583.733
2025-12-07 14:28:11.996,0 days 02:23:04.933000,16,1576.7125000000028,0 days 00:00:45.619000,11302.0,161.0,3,100.0,False,0,car,2760.2872222222218,0.5281814144136423,OnTrack,-1326.102952077752,-127.1849811586202,-206.99125093735333,63,57.0,45.619,8584.933
2025-12-07 14:28:13.355,0 days 02:23:06.292000,16,1548.1569444444467,0 days 00:00:46.978000,11312.0,212.0,5,100.0,False,0,car,2833.974444444444,0.5422814765174013,OnTrack,-1094.4151116335154,-797.0740740117568,-212.8695482051947,63,57.0,46.978,8586.292
2025-12-07 14:28:14.695,0 days 02:23:07.632000,16,1510.048610896708,0 days 00:00:48.318000,11027.030129517949,248.29648263831714,6,100.0,False,0,pos,2921.3251475517336,0.5589960479380128,OnTrack,-624.0,-1520.0,-224.0,63,57.0,48.318,8587.632
2025-12-07 14:28:15.995,0 days 02:23:08.932000,16,1464.9608333333358,0 days 00:00:49.618000,11228.0,270.0,7,100.0,False,0,car,3015.7033333333334,0.5770553293253269,OnTrack,51.98152281047169,-2169.6185971672903,-227.79532156056484,63,57.0,49.618,8588.932
2025-12-07 14:28:17.355,0 days 02:23:10.292000,16,1416.8536087111145,0 days 00:00:50.978000,11730.6416896,284.9875008,7,100.0,False,0,pos,3121.2551619755714,0.597252689113603,OnTrack,857.0,-2849.0,-228.0,63,57.0,50.978,8590.292
2025-12-07 14:28:18.456,0 days 02:23:11.393000,16,1372.3436111111141,0 days 00:00:52.079000,10562.25,295.125,8,100.0,False,0,pos,3210.4105807116093,0.6143125931668958,OnTrack,1625.0,-3497.0,-229.0,63,57.0,52.079,8591.393
2025-12-07 14:28:19.855,0 days 02:23:12.792000,16,1323.362777777781,0 days 00:00:53.478000,10790.0,303.0,8,100.0,False,0,pos,3327.102458669139,0.6366416032257012,OnTrack,2456.0,-4138.0,-229.0,63,57.0,53.478,8592.792
2025-12-07 14:28:21.095,0 days 02:23:14.032000,16,1294.0991654933364,0 days 00:00:54.718000,10907.339286857143,305.06785737142854,8,100.0,False,0,pos,3431.8591781634955,0.656686818747627,OnTrack,3362.0,-4659.0,-230.0,63,57.0,54.718,8594.032
2025-12-07 14:28:22.916,0 days 02:23:15.853000,16,1276.459444444446,0 days 00:00:56.539000,10921.0,232.0,6,0.0,True,0,car,3574.4244444444444,0.6839667059217984,OnTrack,4814.463762376553,-5262.407550944477,-229.03679555232483,63,57.0,56.539,8595.853
2025-12-07 14:28:24.175,0 days 02:23:17.112000,16,1294.7669452895057,0 days 00:00:57.798000,9791.91684607944,184.46814253174827,5,0.0,True,0,pos,3644.4474884578735,0.697365626922051,OnTrack,5406.0,-5287.0,-234.0,63,57.0,57.798,8597.112
2025-12-07 14:28:25.596,0 days 02:23:18.533000,16,1307.3775000000014,0 days 00:00:59.219000,9015.0,162.0,5,54.0,False,0,car,3710.6847222222223,0.7100401325078628,OnTrack,5794.803956010718,-4758.823773215281,-231.74748627966628,63,57.0,59.219,8598.533
2025-12-07 14:28:26.955,0 days 02:23:19.892000,16,1292.1225000000013,0 days 00:01:00.578000,9801.0,176.0,5,77.0,False,0,car,3774.3822222222225,0.7222286596197361,OnTrack,5571.7686146425995,-4115.3662040903,-221.73883458707587,63,57.0,60.578,8599.892
2025-12-07 14:28:28.235,0 days 02:23:21.172000,16,1268.9897222222235,0 days 00:01:01.858000,11801.0,212.0,5,100.0,False,0,pos,3844.3338888888893,0.7356139225529343,OnTrack,5032.0,-3808.0,-223.0,63,57.0,61.858,8601.172
2025-12-07 14:28:29.756,0 days 02:23:22.693000,16,1249.6744444444457,0 days 00:01:03.379000,11684.0,247.0,6,100.0,False,0,car,3942.9877777777783,0.754491360433761,OnTrack,3900.99328643639,-3670.1025446123786,-227.94963352617887,63,57.0,63.379,8602.693
2025-12-07 14:28:31.036,0 days 02:23:23.973000,16,1239.766944444445,0 days 00:01:04.659000,10767.0,262.0,7,100.0,False,0,car,4034.945000000001,0.7720873900454117,OnTrack,2991.4057757818837,-3580.5553626387277,-231.9489719174718,63,57.0,64.659,8603.973
2025-12-07 14:28:32.676,0 days 02:23:25.613000,16,1236.533611111112,0 days 00:01:06.299000,11100.0,269.0,7,100.0,False,0,car,4156.445000000001,0.7953364350486316,OnTrack,2007.7014070140801,-3016.761154248553,-232.283258177939,63,57.0,66.299,8605.613
2025-12-07 14:28:34.076,0 days 02:23:27.013000,16,1251.090000000001,0 days 00:01:07.699000,9231.0,191.0,7,0.0,True,0,car,4250.201111111111,0.8132766823453319,OnTrack,1606.23283486949,-2188.5617898453825,-232.995956389337,63,57.0,67.699,8607.013
2025-12-07 14:28:35.455,0 days 02:23:28.392000,16,1278.030834184289,0 days 00:01:09.078000,8707.41818499262,120.36401476444793,3,0.0,True,0,pos,4307.6132609237675,0.824262506664065,OnTrack,1602.0,-1600.0,-231.0,63,57.0,69.078,8608.392
2025-12-07 14:28:37.356,0 days 02:23:30.293000,16,1304.7561111111136,0 days 00:01:10.979000,8658.0,112.0,3,54.0,False,0,car,4364.471944444444,0.8351424251167073,OnTrack,2067.954135879143,-1406.5119670906581,-232.99691918579458,63,57.0,70.979,8610.293
2025-12-07 14:28:38.716,0 days 02:23:31.653000,16,1327.178333333336,0 days 00:01:12.339000,8427.0,136.0,3,19.0,False,0,car,4415.327499999999,0.8448736440448956,OnTrack,2567.762936053126,-1270.3069981734525,-231.32993300187428,63,57.0,72.339,8611.653
2025-12-07 14:28:39.995,0 days 02:23:32.932000,16,1361.8694444444466,0 days 00:01:13.618000,8386.833333333334,132.33333333333334,4,39.0,False,0,pos,4462.339770900917,0.8538694498216778,OnTrack,2761.0,-907.0,-227.0,63,57.0,73.618,8612.932
2025-12-07 14:28:41.335,0 days 02:23:34.272000,16,1402.291945809072,0 days 00:01:14.958000,8914.174431735712,144.3146416079036,4,22.090340902747094,False,0,pos,4514.784156468019,0.8639046916341533,OnTrack,2739.0,-405.0,-231.0,63,57.0,74.958,8614.272
2025-12-07 14:28:42.636,0 days 02:23:35.573000,16,1447.9897222222244,0 days 00:01:16.259000,8902.0,137.0,4,53.0,False,0,car,4564.451111111111,0.8734084715820553,OnTrack,2415.659804218897,-67.83723971887443,-231.99670946394195,63,57.0,76.259,8615.573
2025-12-07 14:28:43.916,0 days 02:23:36.853000,16,1485.795000000002,0 days 00:01:17.539000,11587.0,179.0,4,100.0,False,0,car,4621.278333333333,0.8842823699100588,OnTrack,1813.430300911612,-37.55875431093838,-231.95834525459784,63,57.0,77.539,8616.853
2025-12-07 14:28:45.116,0 days 02:23:38.053000,16,1507.7283333333362,0 days 00:01:18.739000,10947.0,220.0,5,100.0,False,0,car,4689.322777777777,0.8973026855570382,OnTrack,1182.2878302490226,-125.34599090751574,-231.9612089773505,63,57.0,78.739,8618.053
2025-12-07 14:28:46.715,0 days 02:23:39.652000,16,1527.1172222222258,0 days 00:01:20.338000,11616.0,245.0,6,100.0,False,0,pos,4794.953888888889,0.917515216058786,OnTrack,149.0,-258.0,-223.0,63,57.0,80.338,8619.652
2025-12-07 14:28:48.036,0 days 02:23:40.973000,16,1543.3730555555576,0 days 00:01:21.659000,11844.0,249.0,6,100.0,False,0,car,4885.866666666668,0.9349113910540396,OnTrack,-615.522754669022,266.20416659404935,-220.13243869869555,63,57.0,81.659,8620.973
2025-12-07 14:28:49.455,0 days 02:23:42.392000,16,1565.157779448892,0 days 00:01:23.078000,9734.4963648,201.107136,7,0.0,True,0,pos,4980.3577694284995,0.9529922791241113,OnTrack,-1056.0,1103.0,-222.0,63,57.0,83.078,8622.392
2025-12-07 14:28:50.895,0 days 02:23:43.832000,16,1577.330833315559,0 days 00:01:24.518000,7879.166656,129.7624992,4,0.0,True,0,pos,5039.422085293805,0.964294245689024,OnTrack,-1116.0,1646.0,-223.0,63,57.0,84.518,8623.832
2025-12-07 14:28:52.755,0 days 02:23:45.692000,16,1564.0308318790342,0 days 00:01:26.378000,9253.513943977714,142.75188278666542,4,74.54386325110966,False,0,pos,5105.507121750544,0.9769396282949677,OnTrack,-597.0,1984.0,-222.0,63,57.0,86.378,8625.692
2025-12-07 14:28:54.135,0 days 02:23:47.072000,16,1539.240277777781,0 days 00:01:27.758000,10810.333333333334,197.5,5,100.0,False,0,pos,5172.989273663909,0.9898523491735518,OnTrack,25.0,2037.0,-234.0,63,57.0,87.758,8627.072
